"ra_id","ra_tranid","ra_date","item_id","item_name","ra_item_qty","received_qty","latest_ir_date","qty_over_returned","is_over_returned"
"21784753","RMA647743","12/26/2025","3058","CloudEmbrace Wireless Bra - Vamp / 32B","1","2","01/07/2026","1","T"
"21784753","RMA647743","12/26/2025","1175","LiftWear CrossOver Bra - Vamp / Small","1","2","01/07/2026","1","T"
"21786776","RMA647842","12/26/2025","3111","CloudEmbrace Wireless Bra - Sand / 38D","1","2","01/07/2026","1","T"
"21786776","RMA647842","12/26/2025","3076","CloudEmbrace Wireless Bra - Vamp / 38D","1","2","01/07/2026","1","T"
"21776260","RMA647427","12/25/2025","5683","CloudEmbrace Wireless Bra - Pink Cloud 34D","1","2","01/07/2026","1","T"
"21776260","RMA647427","12/25/2025","3099","CloudEmbrace Wireless Bra - Sand / 34D","1","2","01/07/2026","1","T"
"21740100","RMA646041","12/23/2025","5985","CrossOver Brief - Blush / Large","1","2","01/07/2026","1","T"
"21740100","RMA646041","12/23/2025","4292","LiftWear CrossOver Bra - Vamp 36D/DD(E)","1","2","01/07/2026","1","T"
"21721759","RMA644961","12/22/2025","1104","LiftWear Silhouette Bra - Sand / Large","1","2","01/07/2026","1","T"
"21721759","RMA644961","12/22/2025","1105","LiftWear Silhouette Bra - Vamp / Large","1","2","01/07/2026","1","T"
"21721759","RMA644961","12/22/2025","6411","Silhouette Bra - Astral M+","1","2","01/07/2026","1","T"
"21725052","RMA645210","12/22/2025","3097","CloudEmbrace Wireless Bra - Sand / 34B","1","2","01/07/2026","1","T"
"21725052","RMA645210","12/22/2025","3062","CloudEmbrace Wireless Bra - Vamp / 34B","1","2","01/07/2026","1","T"
"21728331","RMA645448","12/22/2025","6385","Silhouette Bra - Fig 3X","1","2","01/07/2026","1","T"
"21728331","RMA645448","12/22/2025","9729","SoftForm Bra - Sand 2X","3","6","01/07/2026","3","T"
"21730004","RMA645553","12/22/2025","5686","CloudEmbrace Wireless Bra - Pink Cloud 36C","1","2","01/07/2026","1","T"
"21730004","RMA645553","12/22/2025","3104","CloudEmbrace Wireless Bra - Sand / 36C","1","2","01/07/2026","1","T"
"21702849","RMA644253","12/21/2025","3789","CloudEmbrace Wireless Bra - Vamp 34DD(E)","1","2","01/07/2026","1","T"
"21702849","RMA644253","12/21/2025","7676","CrossFlex Bra - Runway S+","1","2","01/07/2026","1","T"
"21703710","RMA644369","12/21/2025","3105","CloudEmbrace Wireless Bra - Sand / 36D","1","2","01/07/2026","1","T"
"21703710","RMA644369","12/21/2025","3070","CloudEmbrace Wireless Bra - Vamp / 36D","1","2","01/07/2026","1","T"
"21695805","RMA643759","12/20/2025","3116","CloudEmbrace Wireless Bra - Sand / 40C","1","2","01/07/2026","1","T"
"21695805","RMA643759","12/20/2025","5542","SuperPower Girl-Short - Sand / L","1","2","01/07/2026","1","T"
"21695805","RMA643759","12/20/2025","5720","SuperPower Girl-Short - Toffee /","1","2","01/07/2026","1","T"
"21697212","RMA643885","12/20/2025","3076","CloudEmbrace Wireless Bra - Vamp / 38D","1","2","01/07/2026","1","T"
"21697212","RMA643885","12/20/2025","5518","SuperPower Brief - Runway / M","1","2","01/07/2026","1","T"
"21662348","RMA641795","12/18/2025","5686","CloudEmbrace Wireless Bra - Pink Cloud 36C","1","2","01/07/2026","1","T"
"21662348","RMA641795","12/18/2025","3069","CloudEmbrace Wireless Bra - Vamp / 36C","1","2","01/07/2026","1","T"
"21637283","RMA640471","12/17/2025","11598","LiftWear CrossOver Bra - Astral S++","1","2","01/07/2026","1","T"
"21637283","RMA640471","12/17/2025","4292","LiftWear CrossOver Bra - Vamp 36D/DD(E)","1","2","01/07/2026","1","T"
"21649149","RMA641062","12/17/2025","5686","CloudEmbrace Wireless Bra - Pink Cloud 36C","1","2","01/07/2026","1","T"
"21649149","RMA641062","12/17/2025","3104","CloudEmbrace Wireless Bra - Sand / 36C","1","2","01/07/2026","1","T"
"21649149","RMA641062","12/17/2025","3069","CloudEmbrace Wireless Bra - Vamp / 36C","1","2","01/07/2026","1","T"
"21604685","RMA638996","12/16/2025","5685","CloudEmbrace Wireless Bra - Pink Cloud 36B","1","2","01/07/2026","1","T"
"21604685","RMA638996","12/16/2025","3023","Lace CrossOver Bra - Runway / L","1","2","01/07/2026","1","T"
"21605451","RMA639081","12/16/2025","12985","CrossOver V-Neck Bra - Runway XS","2","4","01/07/2026","2","T"
"21605451","RMA639081","12/16/2025","3593","CrossOver V-Neck Bra - Sand 34B/C","1","2","01/07/2026","1","T"
"21605451","RMA639081","12/16/2025","11787","LiftWear CrossOver Bra - Runway XS","4","8","01/07/2026","4","T"
"21605451","RMA639081","12/16/2025","3571","LiftWear Silhouette Bra - Blush / S","2","4","01/07/2026","2","T"
"21605451","RMA639081","12/16/2025","3570","LiftWear Silhouette Bra - Blush / XS","1","2","01/07/2026","1","T"
"21605451","RMA639081","12/16/2025","6391","Silhouette Bra - Blush XS+","1","2","01/07/2026","1","T"
"21611856","RMA639504","12/16/2025","3070","CloudEmbrace Wireless Bra - Vamp / 36D","1","4","01/07/2026","3","T"
"21611856","RMA639504","12/16/2025","12940","CrossOver V-Neck Bra - Runway M+","1","4","01/07/2026","3","T"
"21611856","RMA639504","12/16/2025","13013","CrossOver V-Neck Bra - Sand M+","1","4","01/07/2026","3","T"
"21611856","RMA639504","12/16/2025","4291","LiftWear CrossOver Bra - Sand 36D/DD(E)","1","4","01/07/2026","3","T"
"21611856","RMA639504","12/16/2025","4292","LiftWear CrossOver Bra - Vamp 36D/DD(E)","1","4","01/07/2026","3","T"
"21611919","RMA639550","12/16/2025","3064","CloudEmbrace Wireless Bra - Vamp / 34D","1","2","01/07/2026","1","T"
"21611919","RMA639550","12/16/2025","5957","SuperPower Thong - Sand / M","1","2","01/07/2026","1","T"
"21571435","RMA637446","12/15/2025","3133","CloudEmbrace Wireless Bra - Astral / 34C","1","3","01/07/2026","2","T"
"21571435","RMA637446","12/15/2025","3098","CloudEmbrace Wireless Bra - Sand / 34C","1","3","01/07/2026","2","T"
"21571435","RMA637446","12/15/2025","3063","CloudEmbrace Wireless Bra - Vamp / 34C","1","3","01/07/2026","2","T"
"21575537","RMA637705","12/15/2025","3791","CloudEmbrace Wireless Bra - Sand 34DDD(F)","1","2","01/07/2026","1","T"
"21575537","RMA637705","12/15/2025","8480","Silhouette Roses Bra - Sand L","1","2","01/07/2026","1","T"
"21577821","RMA637850","12/15/2025","3803","CloudEmbrace Wireless Bra - Sand 38DDD(F)","1","2","01/07/2026","1","T"
"21577821","RMA637850","12/15/2025","3804","CloudEmbrace Wireless Bra - Vamp 38DDD(F)","1","2","01/07/2026","1","T"
"21591944","RMA638537","12/15/2025","11579","LiftWear CrossOver Bra - Astral L","2","4","01/07/2026","2","T"
"21591944","RMA638537","12/15/2025","9039","LiftWear CrossOver Bra - Blush L","2","4","01/07/2026","2","T"
"21591944","RMA638537","12/15/2025","6532","LiftWear CrossOver Bra - Fig L","1","2","01/07/2026","1","T"
"21591944","RMA638537","12/15/2025","11769","LiftWear CrossOver Bra - Sand L","1","2","01/07/2026","1","T"
"21597046","RMA638629","12/15/2025","11621","LiftWear CrossOver Bra - Blush L","1","2","01/07/2026","1","T"
"21597046","RMA638629","12/15/2025","1104","LiftWear Silhouette Bra - Sand / Large","1","2","01/07/2026","1","T"
"21551202","RMA636308","12/14/2025","3103","CloudEmbrace Wireless Bra - Sand / 36B","1","2","01/07/2026","1","T"
"21551202","RMA636308","12/14/2025","12920","CrossOver V-Neck Bra - Blush M","1","2","01/07/2026","1","T"
"21533989","RMA634702","12/13/2025","3785","CloudEmbrace Wireless Bra - Sand 32DD(E)","1","2","01/07/2026","1","T"
"21533989","RMA634702","12/13/2025","5942","CrossOver V-Neck Bra","1","2","01/07/2026","1","T"
"21538195","RMA635207","12/13/2025","3099","CloudEmbrace Wireless Bra - Sand / 34D","1","3","01/07/2026","2","T"
"21538195","RMA635207","12/13/2025","7677","CrossFlex Bra - Sand S+","1","3","01/07/2026","2","T"
"21538195","RMA635207","12/13/2025","13016","CrossOver V-Neck Bra - Sand S+","1","3","01/07/2026","2","T"
"21529232","RMA634454","12/12/2025","5689","CloudEmbrace Wireless Bra - Pink Cloud 38B","1","2","01/07/2026","1","T"
"21529232","RMA634454","12/12/2025","6357","Silhouette Bra - Fig L","1","2","01/07/2026","1","T"
"21481882","RMA631790","12/11/2025","12971","CrossOver V-Neck Bra - Runway 1X","1","2","01/07/2026","1","T"
"21484466","RMA632015","12/11/2025","11668","LiftWear CrossOver Bra - Fig S","1","2","01/07/2026","1","T"
"21484466","RMA632015","12/11/2025","6027","LiftWear CrossOver Bra - Navy S","1","2","01/07/2026","1","T"
"21486233","RMA632148","12/11/2025","7686","CrossFlex Bra - Astral M+","1","2","01/07/2026","1","T"
"21486233","RMA632148","12/11/2025","7689","CrossFlex Bra - Sand M+","1","2","01/07/2026","1","T"
"21486233","RMA632148","12/11/2025","6411","Silhouette Bra - Astral M+","1","2","01/07/2026","1","T"
"21491936","RMA632503","12/11/2025","1104","LiftWear Silhouette Bra - Sand / Large","3","9","01/07/2026","6","T"
"21469421","RMA630841","12/10/2025","5701","CloudEmbrace Wireless Bra - Pink Cloud 34DD(E)","1","2","01/07/2026","1","T"
"21469421","RMA630841","12/10/2025","3789","CloudEmbrace Wireless Bra - Vamp 34DD(E)","1","2","01/07/2026","1","T"
"21473264","RMA631270","12/10/2025","12966","CrossOver V-Neck Bra - Blush XL","1","2","01/07/2026","1","T"
"21473264","RMA631270","12/10/2025","13027","CrossOver V-Neck Bra - Vamp L","1","2","01/07/2026","1","T"
"21473264","RMA631270","12/10/2025","8483","Silhouette Roses Bra - Blush XL","1","2","01/07/2026","1","T"
"21473577","RMA631291","12/10/2025","3150","CloudEmbrace Wireless Bra - Astral / 40B","1","2","01/07/2026","1","T"
"21473577","RMA631291","12/10/2025","5693","CloudEmbrace Wireless Bra - Pink Cloud 40B","1","2","01/07/2026","1","T"
"21438463","RMA628602","12/09/2025","3138","CloudEmbrace Wireless Bra - Astral / 36B","1","3","01/07/2026","2","T"
"21438463","RMA628602","12/09/2025","7614","CrossFlex Bra - Astral M","1","3","01/07/2026","2","T"
"21438463","RMA628602","12/09/2025","9752","SoftForm Bra - Astral M","1","3","01/07/2026","2","T"
"21440022","RMA628722","12/09/2025","3085","CloudEmbrace Wireless Bra - Vamp / 42C","1","2","01/07/2026","1","T"
"21440022","RMA628722","12/09/2025","12929","CrossOver V-Neck Bra - Runway 3X","1","2","01/07/2026","1","T"
"21440022","RMA628722","12/09/2025","11712","LiftWear CrossOver Bra - Navy 3X","1","2","01/07/2026","1","T"
"21445214","RMA629099","12/09/2025","11569","LiftWear CrossOver Bra - Astral 1X","1","3","01/07/2026","2","T"
"21445214","RMA629099","12/09/2025","11623","LiftWear CrossOver Bra - Blush 1X","1","3","01/07/2026","2","T"
"21445214","RMA629099","12/09/2025","11792","LiftWear CrossOver Bra - Sand 1X","1","3","01/07/2026","2","T"
"21414588","RMA626869","12/08/2025","7712","CrossFlex Bra - Runway 1X+","2","6","01/07/2026","4","T"
"21414588","RMA626869","12/08/2025","7713","CrossFlex Bra - Sand 1X+","1","3","01/07/2026","2","T"
"21414588","RMA626869","12/08/2025","6644","LiftWear CrossOver Bra - Runway 1X+","1","3","01/07/2026","2","T"
"21416713","RMA627080","12/08/2025","3120","CloudEmbrace Wireless Bra - Sand / 42C","2","4","01/07/2026","2","T"
"21416713","RMA627080","12/08/2025","6092","LiftWear CrossOver Bra - Sand 2X","1","2","01/07/2026","1","T"
"21422478","RMA627419","12/08/2025","8475","Silhouette Roses Bra - Blush M","1","2","01/07/2026","1","T"
"21422478","RMA627419","12/08/2025","8477","Silhouette Roses Bra - Vamp M","1","2","01/07/2026","1","T"
"21423314","RMA627505","12/08/2025","2972","LiftWear CrossOver Bra - Runway / M","1","2","01/07/2026","1","T"
"21423314","RMA627505","12/08/2025","9036","LiftWear CrossOver Bra - Sand M","1","2","01/07/2026","1","T"
"21425112","RMA627647","12/08/2025","12987","CrossOver V-Neck Bra - Sand 1X","1","2","01/07/2026","1","T"
"21425112","RMA627647","12/08/2025","12946","CrossOver V-Neck Bra - Vamp 1X","1","2","01/07/2026","1","T"
"21427345","RMA627921","12/08/2025","5686","CloudEmbrace Wireless Bra - Pink Cloud 36C","1","3","01/07/2026","2","T"
"21427345","RMA627921","12/08/2025","3104","CloudEmbrace Wireless Bra - Sand / 36C","2","6","01/07/2026","4","T"
"21427345","RMA627921","12/08/2025","3069","CloudEmbrace Wireless Bra - Vamp / 36C","1","3","01/07/2026","2","T"
"21375701","RMA625496","12/07/2025","6609","LiftWear CrossOver Bra - Sand M+","1","2","01/07/2026","1","T"
"21375701","RMA625496","12/07/2025","3523","SoftForm Bra - Sand / L","1","2","01/07/2026","1","T"
"21376984","RMA625635","12/07/2025","4909","SoftForm Bra - Aubergine / L","1","2","01/07/2026","1","T"
"21376984","RMA625635","12/07/2025","3519","SoftForm Bra - Fig / L","1","2","01/07/2026","1","T"
"21376984","RMA625635","12/07/2025","3523","SoftForm Bra - Sand / L","1","2","01/07/2026","1","T"
"21379078","RMA625744","12/07/2025","824","LiftWear Cami - Vamp / XL","1","2","01/07/2026","1","T"
"21379078","RMA625744","12/07/2025","8567","LiftWear Tank - Sand / XL","1","2","01/07/2026","1","T"
"21379947","RMA625820","12/07/2025","604","LiftWear Tank - Runway / Large","1","2","01/07/2026","1","T"
"21379947","RMA625820","12/07/2025","8561","LiftWear Tank - Sand / L","1","2","01/07/2026","1","T"
"21380929","RMA625924","12/07/2025","3097","CloudEmbrace Wireless Bra - Sand / 34B","2","4","01/07/2026","2","T"
"21380929","RMA625924","12/07/2025","12942","CrossOver V-Neck Bra - Runway S","1","2","01/07/2026","1","T"
"21380929","RMA625924","12/07/2025","13012","CrossOver V-Neck Bra - Sand M","1","2","01/07/2026","1","T"
"21380929","RMA625924","12/07/2025","13015","CrossOver V-Neck Bra - Sand S","1","2","01/07/2026","1","T"
"21380929","RMA625924","12/07/2025","11772","LiftWear CrossOver Bra - Sand M","1","2","01/07/2026","1","T"
"21380929","RMA625924","12/07/2025","6032","LiftWear CrossOver Bra - Sand S","1","2","01/07/2026","1","T"
"21380929","RMA625924","12/07/2025","1095","LiftWear Silhouette Bra - Sand / Medium","3","6","01/07/2026","3","T"
"21380929","RMA625924","12/07/2025","5623","MeshSculpt Mid-Waist Short - Sand / S","1","2","01/07/2026","1","T"
"21392698","RMA626407","12/07/2025","2982","LiftWear CrossOver Bra - Vamp / L","1","2","01/07/2026","1","T"
"21392698","RMA626407","12/07/2025","1104","LiftWear Silhouette Bra - Sand / Large","1","2","01/07/2026","1","T"
"21361888","RMA624375","12/06/2025","6617","LiftWear CrossOver Bra - Runway M++","1","2","01/07/2026","1","T"
"21361888","RMA624375","12/06/2025","9682","SoftForm Bra - Astral M++","1","2","01/07/2026","1","T"
"21362050","RMA624401","12/06/2025","5992","CrossOver Brief - Runway / XL","1","2","01/07/2026","1","T"
"21362050","RMA624401","12/06/2025","2996","LiftWear CrossOver Bra - Runway / 1X","1","2","01/07/2026","1","T"
"21363650","RMA624515","12/06/2025","5705","CloudEmbrace Wireless Bra - Pink Cloud 38DD(E)","1","2","01/07/2026","1","T"
"21363650","RMA624515","12/06/2025","3801","CloudEmbrace Wireless Bra - Vamp 38DD(E)","1","2","01/07/2026","1","T"
"21364739","RMA624660","12/06/2025","11596","LiftWear CrossOver Bra - Astral S+","1","3","01/07/2026","2","T"
"21364739","RMA624660","12/06/2025","11782","LiftWear CrossOver Bra - Sand S+","1","3","01/07/2026","2","T"
"21364739","RMA624660","12/06/2025","4274","LiftWear CrossOver Bra - Vamp 34DDD(F)/G","1","3","01/07/2026","2","T"
"21365105","RMA624696","12/06/2025","3797","CloudEmbrace Wireless Bra - Sand 36DDD(F)","1","3","01/07/2026","2","T"
"21365105","RMA624696","12/06/2025","4300","LiftWear CrossOver Bra - Sand 36DDD(F)/G","1","3","01/07/2026","2","T"
"21365105","RMA624696","12/06/2025","10294","Low-Back Bodysuit - Sand / M","2","6","01/07/2026","4","T"
"21368755","RMA625086","12/06/2025","12969","CrossOver V-Neck Bra - Blush XS","1","2","01/07/2026","1","T"
"21368755","RMA625086","12/06/2025","4954","LiftWear CrossOver Bra - Sand 34D/DD(E)","1","2","01/07/2026","1","T"
"21369910","RMA625233","12/06/2025","4363","LiftWear CrossOver Bra - Sand 42DD(E)/DDD(F)","1","2","01/07/2026","1","T"
"21369910","RMA625233","12/06/2025","5496","SuperPower Short - Sand / XL","1","2","01/07/2026","1","T"
"21370006","RMA625248","12/06/2025","9747","SoftForm Bra - Astral 2X","1","2","01/07/2026","1","T"
"21370006","RMA625248","12/06/2025","9729","SoftForm Bra - Sand 2X","1","2","01/07/2026","1","T"
"21370006","RMA625248","12/06/2025","9708","SoftForm Bra - Vamp 2X","1","2","01/07/2026","1","T"
"21370935","RMA625316","12/06/2025","11630","LiftWear CrossOver Bra - Blush M+","1","2","01/07/2026","1","T"
"21370935","RMA625316","12/06/2025","4292","LiftWear CrossOver Bra - Vamp 36D/DD(E)","1","2","01/07/2026","1","T"
"21371598","RMA625342","12/06/2025","4292","LiftWear CrossOver Bra - Vamp 36D/DD(E)","1","3","01/07/2026","2","T"
"21371598","RMA625342","12/06/2025","3534","SoftForm Bra - Vamp / XL","2","6","01/07/2026","4","T"
"21344078","RMA623376","12/05/2025","850","LiftWear Cami - Navy / 3X","1","2","01/07/2026","1","T"
"21344078","RMA623376","12/05/2025","688","LiftWear Tank - Astral / 3X","1","2","01/07/2026","1","T"
"21322473","RMA622579","12/04/2025","4291","LiftWear CrossOver Bra - Sand 36D/DD(E)","2","4","01/07/2026","2","T"
"21323162","RMA622603","12/04/2025","11596","LiftWear CrossOver Bra - Astral S+","1","2","01/07/2026","1","T"
"21323162","RMA622603","12/04/2025","11638","LiftWear CrossOver Bra - Blush S+","1","2","01/07/2026","1","T"
"21323162","RMA622603","12/04/2025","11782","LiftWear CrossOver Bra - Sand S+","1","2","01/07/2026","1","T"
"21323171","RMA622606","12/04/2025","2736","Open-Bust Mid-Thigh Bodysuit - Sand / L","1","2","01/07/2026","1","T"
"21323171","RMA622606","12/04/2025","2732","Open-Bust Mid-Thigh Bodysuit - Sand / M","1","2","01/07/2026","1","T"
"21324577","RMA622650","12/04/2025","5695","CloudEmbrace Wireless Bra - Pink Cloud 40D","1","2","01/07/2026","1","T"
"21324577","RMA622650","12/04/2025","3117","CloudEmbrace Wireless Bra - Sand / 40D","1","2","01/07/2026","1","T"
"21325579","RMA622713","12/04/2025","1113","LiftWear Silhouette Bra - Sand / XL","1","2","01/07/2026","1","T"
"21325579","RMA622713","12/04/2025","6398","Silhouette Bra - Blush S+","1","2","01/07/2026","1","T"
"21325967","RMA622746","12/04/2025","9908","Silhouette Bra - Ruby L","1","2","01/07/2026","1","T"
"21325967","RMA622746","12/04/2025","10991","SoftForm Bra - Aubergine 1X","1","2","01/07/2026","1","T"
"21326022","RMA622774","12/04/2025","9036","LiftWear CrossOver Bra - Sand M","2","4","01/07/2026","2","T"
"21326022","RMA622774","12/04/2025","2974","LiftWear CrossOver Bra - Vamp / M","1","2","01/07/2026","1","T"
"21328268","RMA622875","12/04/2025","812","LiftWear Cami - Sand / Large","1","2","01/07/2026","1","T"
"21328268","RMA622875","12/04/2025","11645","LiftWear CrossOver Bra - Blush XL+","1","2","01/07/2026","1","T"
"21328268","RMA622875","12/04/2025","11788","LiftWear CrossOver Bra - Sand XL+","1","2","01/07/2026","1","T"
"21328381","RMA622881","12/04/2025","8569","LiftWear Tank - Astral / 1X","1","2","01/07/2026","1","T"
"21328381","RMA622881","12/04/2025","8572","LiftWear Tank - Runway / 1X","1","2","01/07/2026","1","T"
"21328648","RMA622894","12/04/2025","6604","LiftWear CrossOver Bra - Fig M+","1","2","01/07/2026","1","T"
"21328648","RMA622894","12/04/2025","6605","LiftWear CrossOver Bra - Navy M+","1","2","01/07/2026","1","T"
"21328672","RMA622899","12/04/2025","9686","SoftForm Bra - Astral XL","1","2","01/07/2026","1","T"
"21328672","RMA622899","12/04/2025","9691","SoftForm Bra - Sand XL","1","2","01/07/2026","1","T"
"21328672","RMA622899","12/04/2025","3534","SoftForm Bra - Vamp / XL","1","2","01/07/2026","1","T"
"21273098","RMA620938","12/03/2025","11586","LiftWear CrossOver Bra - Astral M+","1","2","01/07/2026","1","T"
"21273098","RMA620938","12/03/2025","4291","LiftWear CrossOver Bra - Sand 36D/DD(E)","1","2","01/07/2026","1","T"
"21273098","RMA620938","12/03/2025","4292","LiftWear CrossOver Bra - Vamp 36D/DD(E)","1","2","01/07/2026","1","T"
"21277700","RMA621216","12/03/2025","7230","Lace CrossOver Bra - Astral L","1","3","01/07/2026","2","T"
"21277700","RMA621216","12/03/2025","3023","Lace CrossOver Bra - Runway / L","2","6","01/07/2026","4","T"
"21281244","RMA621399","12/03/2025","5600","MeshSculpt High-Waist Short - Astral / M","1","2","01/07/2026","1","T"
"21281244","RMA621399","12/03/2025","5602","MeshSculpt High-Waist Short - Vamp / M","1","2","01/07/2026","1","T"
"21290845","RMA621797","12/03/2025","6532","LiftWear CrossOver Bra - Fig L","1","3","01/07/2026","2","T"
"21290845","RMA621797","12/03/2025","6051","LiftWear CrossOver Bra - Navy L","1","3","01/07/2026","2","T"
"21290845","RMA621797","12/03/2025","2982","LiftWear CrossOver Bra - Vamp / L","1","3","01/07/2026","2","T"
"21293690","RMA621869","12/03/2025","3085","CloudEmbrace Wireless Bra - Vamp / 42C","1","2","01/07/2026","1","T"
"21293690","RMA621869","12/03/2025","13861","CrossOver Contour Bra - Runway 44C","1","2","01/07/2026","1","T"
"21293690","RMA621869","12/03/2025","6389","Silhouette Bra - Vamp 3X","1","2","01/07/2026","1","T"
"21217394","RMA619230","12/02/2025","3546","SoftForm Bra - Fig / 2X","1","2","01/07/2026","1","T"
"21217394","RMA619230","12/02/2025","3552","SoftForm Bra - Vamp / 2X","1","2","01/07/2026","1","T"
"21247670","RMA620483","12/02/2025","10870","SoftForm Bra - Aubergine L","1","3","01/07/2026","2","T"
"21247670","RMA620483","12/02/2025","3519","SoftForm Bra - Fig / L","1","3","01/07/2026","2","T"
"21247670","RMA620483","12/02/2025","3525","SoftForm Bra - Vamp / L","1","3","01/07/2026","2","T"
"21185523","RMA618531","12/01/2025","11775","LiftWear CrossOver Bra - Sand M+","1","2","01/07/2026","1","T"
"21185523","RMA618531","12/01/2025","4292","LiftWear CrossOver Bra - Vamp 36D/DD(E)","1","2","01/07/2026","1","T"
"21128801","RMA616781","11/30/2025","12910","CrossOver V-Neck Bra - Blush 3X","1","2","01/07/2026","1","T"
"21128801","RMA616781","11/30/2025","6273","CrossOver V-Neck Bra - Vamp 3X","1","2","01/07/2026","1","T"
"21130920","RMA616885","11/30/2025","11589","LiftWear CrossOver Bra - Astral M++","1","2","01/07/2026","1","T"
"21130920","RMA616885","11/30/2025","4300","LiftWear CrossOver Bra - Sand 36DDD(F)/G","1","2","01/07/2026","1","T"
"21130920","RMA616885","11/30/2025","4328","LiftWear CrossOver Bra - Vamp 38DDD(F)/G","1","2","01/07/2026","1","T"
"21144649","RMA617424","11/30/2025","2990","LiftWear CrossOver Bra - Vamp / XL","2","4","01/07/2026","2","T"
"21110275","RMA615995","11/29/2025","11787","LiftWear CrossOver Bra - Runway XS","1","2","01/07/2026","1","T"
"21110275","RMA615995","11/29/2025","11825","LiftWear CrossOver Bra - Vamp XS","1","2","01/07/2026","1","T"
"21071209","RMA615175","11/28/2025","3081","CloudEmbrace Wireless Bra - Vamp / 40C","1","3","01/07/2026","2","T"
"21071209","RMA615175","11/28/2025","13817","CrossOver Contour Bra - Runway 40C","1","3","01/07/2026","2","T"
"21071209","RMA615175","11/28/2025","12971","CrossOver V-Neck Bra - Runway 1X","1","3","01/07/2026","2","T"
"21071209","RMA615175","11/28/2025","12987","CrossOver V-Neck Bra - Sand 1X","1","3","01/07/2026","2","T"
"21071209","RMA615175","11/28/2025","11623","LiftWear CrossOver Bra - Blush 1X","1","3","01/07/2026","2","T"
"21071209","RMA615175","11/28/2025","2997","LiftWear CrossOver Bra - Sand / 1X","1","3","01/07/2026","2","T"
"21047138","RMA614513","11/27/2025","13801","CrossOver Contour Bra - Sand  38C","1","2","01/07/2026","1","T"
"21047138","RMA614513","11/27/2025","13027","CrossOver V-Neck Bra - Vamp L","1","2","01/07/2026","1","T"
"21047138","RMA614513","11/27/2025","1114","LiftWear Silhouette Bra - Vamp / XL","1","2","01/07/2026","1","T"
"20994833","RMA612968","11/25/2025","3133","CloudEmbrace Wireless Bra - Astral / 34C","1","3","01/07/2026","2","T"
"20994833","RMA612968","11/25/2025","5682","CloudEmbrace Wireless Bra - Pink Cloud 34C","1","3","01/07/2026","2","T"
"20994833","RMA612968","11/25/2025","3098","CloudEmbrace Wireless Bra - Sand / 34C","1","3","01/07/2026","2","T"
"20994833","RMA612968","11/25/2025","12942","CrossOver V-Neck Bra - Runway S","1","3","01/07/2026","2","T"
"20998450","RMA613185","11/25/2025","11579","LiftWear CrossOver Bra - Astral L","1","2","01/07/2026","1","T"
"20998450","RMA613185","11/25/2025","2982","LiftWear CrossOver Bra - Vamp / L","1","2","01/07/2026","1","T"
"20958157","RMA611748","11/24/2025","6445","Silhouette Bra - Vamp 1X+","1","2","01/07/2026","1","T"
"20958157","RMA611748","11/24/2025","3552","SoftForm Bra - Vamp / 2X","1","2","01/07/2026","1","T"
"20908378","RMA610103","11/23/2025","6104","LiftWear CrossOver Bra - Sand 3X","1","2","01/07/2026","1","T"
"20908378","RMA610103","11/23/2025","6388","Silhouette Bra - Sand 3X","1","2","01/07/2026","1","T"
"20912610","RMA610471","11/23/2025","3104","CloudEmbrace Wireless Bra - Sand / 36C","1","2","01/07/2026","1","T"
"20912610","RMA610471","11/23/2025","2981","LiftWear CrossOver Bra - Sand / L","1","2","01/07/2026","1","T"
"20912610","RMA610471","11/23/2025","2982","LiftWear CrossOver Bra - Vamp / L","1","2","01/07/2026","1","T"
"20918604","RMA610697","11/23/2025","9753","SoftForm Bra - Astral M+","1","3","01/07/2026","2","T"
"20918604","RMA610697","11/23/2025","9710","SoftForm Bra - Blush M+","1","3","01/07/2026","2","T"
"20918604","RMA610697","11/23/2025","9740","SoftForm Bra - Sand M+","1","3","01/07/2026","2","T"
"20924173","RMA610846","11/23/2025","3060","CloudEmbrace Wireless Bra - Vamp / 32D","1","3","01/07/2026","2","T"
"20924173","RMA610846","11/23/2025","6580","LiftWear CrossOver Bra - Ruby XS+","1","3","01/07/2026","2","T"
"20924173","RMA610846","11/23/2025","6395","Silhouette Bra - Sand XS+","1","3","01/07/2026","2","T"
"20891025","RMA609297","11/22/2025","11569","LiftWear CrossOver Bra - Astral 1X","1","2","01/07/2026","1","T"
"20891025","RMA609297","11/22/2025","2997","LiftWear CrossOver Bra - Sand / 1X","1","2","01/07/2026","1","T"
"20891025","RMA609297","11/22/2025","2998","LiftWear CrossOver Bra - Vamp / 1X","1","2","01/07/2026","1","T"
"20891025","RMA609297","11/22/2025","8569","LiftWear Tank - Astral / 1X","1","2","01/07/2026","1","T"
"20879976","RMA608539","11/21/2025","1395","CrossOver Cami Bodysuit - Vamp / XL","1","2","01/07/2026","1","T"
"20879976","RMA608539","11/21/2025","11569","LiftWear CrossOver Bra - Astral 1X","1","2","01/07/2026","1","T"
"20879976","RMA608539","11/21/2025","11623","LiftWear CrossOver Bra - Blush 1X","1","2","01/07/2026","1","T"
"20661363","RMA598408","11/13/2025","9752","SoftForm Bra - Astral M","1","3","01/07/2026","2","T"
"20661363","RMA598408","11/13/2025","9707","SoftForm Bra - Blush M","1","3","01/07/2026","2","T"
"20661363","RMA598408","11/13/2025","9739","SoftForm Bra - Sand M","1","3","01/07/2026","2","T"
"19928149","RMA569499","10/17/2025","6617","LiftWear CrossOver Bra - Runway M++","1","3","01/07/2026","2","T"
"19928149","RMA569499","10/17/2025","6618","LiftWear CrossOver Bra - Sand M++","1","3","01/07/2026","2","T"
"19928149","RMA569499","10/17/2025","3532","SoftForm Bra - Sand / XL","1","3","01/07/2026","2","T"
"19928149","RMA569499","10/17/2025","3534","SoftForm Bra - Vamp / XL","1","3","01/07/2026","2","T"
"21675540","RMA642301","12/19/2025","5980","CrossOver Brief - Blush / Medium","1","3","01/06/2026","2","T"
"21675540","RMA642301","12/19/2025","1787","Legging 2.0 - Jet Black / L","1","3","01/06/2026","2","T"
"21675540","RMA642301","12/19/2025","4273","LiftWear CrossOver Bra - Sand 34DDD(F)/G","1","3","01/06/2026","2","T"
"21675540","RMA642301","12/19/2025","9036","LiftWear CrossOver Bra - Sand M","1","3","01/06/2026","2","T"
"21675540","RMA642301","12/19/2025","11784","LiftWear CrossOver Bra - Sand S++","1","3","01/06/2026","2","T"
"21675540","RMA642301","12/19/2025","10294","Low-Back Bodysuit - Sand / M","1","3","01/06/2026","2","T"
"21675540","RMA642301","12/19/2025","14549","SuperPower Brief - Sand / M","1","3","01/06/2026","2","T"
"21675540","RMA642301","12/19/2025","5540","SuperPower Girl-Short - Sand / M","1","3","01/06/2026","2","T"
"21686875","RMA643155","12/19/2025","3794","CloudEmbrace Wireless Bra - Sand 36DD(E)","1","2","01/06/2026","1","T"
"21686875","RMA643155","12/19/2025","3573","LiftWear Silhouette Bra - Blush / L","1","2","01/06/2026","1","T"
"21658610","RMA641525","12/18/2025","9743","SoftForm Bra - Sand S+","1","2","01/06/2026","1","T"
"21658610","RMA641525","12/18/2025","9732","SoftForm Bra - Vamp S+","1","2","01/06/2026","1","T"
"21659742","RMA641591","12/18/2025","3145","CloudEmbrace Wireless Bra - Astral / 38C","1","2","01/06/2026","1","T"
"21659742","RMA641591","12/18/2025","3075","CloudEmbrace Wireless Bra - Vamp / 38C","1","2","01/06/2026","1","T"
"21659742","RMA641591","12/18/2025","3574","LiftWear Silhouette Bra - Blush / XL","1","2","01/06/2026","1","T"
"21661356","RMA641719","12/18/2025","7611","CrossFlex Bra - Sand S","1","2","01/06/2026","1","T"
"21661356","RMA641719","12/18/2025","3514","SoftForm Bra - Sand / M","1","2","01/06/2026","1","T"
"21662603","RMA641811","12/18/2025","11583","LiftWear CrossOver Bra - Astral M","1","2","01/06/2026","1","T"
"21662603","RMA641811","12/18/2025","11626","LiftWear CrossOver Bra - Blush M","1","2","01/06/2026","1","T"
"21662603","RMA641811","12/18/2025","2981","LiftWear CrossOver Bra - Sand / L","1","2","01/06/2026","1","T"
"21668058","RMA642112","12/18/2025","13794","CrossOver Contour Bra - Runway 34C","1","2","01/06/2026","1","T"
"21668058","RMA642112","12/18/2025","12964","CrossOver V-Neck Bra - Blush S+","1","2","01/06/2026","1","T"
"21671333","RMA642201","12/18/2025","5701","CloudEmbrace Wireless Bra - Pink Cloud 34DD(E)","1","3","01/06/2026","2","T"
"21671333","RMA642201","12/18/2025","6399","Silhouette Bra - Fig S+","1","3","01/06/2026","2","T"
"21671333","RMA642201","12/18/2025","6403","Silhouette Bra - Vamp S+","1","3","01/06/2026","2","T"
"21672334","RMA642226","12/18/2025","9688","SoftForm Bra - Astral XL++","1","3","01/06/2026","2","T"
"21672334","RMA642226","12/18/2025","9716","SoftForm Bra - Blush XL++","1","3","01/06/2026","2","T"
"21672334","RMA642226","12/18/2025","9696","SoftForm Bra - Sand XL++","1","3","01/06/2026","2","T"
"21630789","RMA640136","12/17/2025","3795","CloudEmbrace Wireless Bra - Vamp 36DD(E)","1","2","01/06/2026","1","T"
"21630789","RMA640136","12/17/2025","5575","Mid-Thigh Bodysuit - Runway / XL","1","2","01/06/2026","1","T"
"21632724","RMA640202","12/17/2025","5682","CloudEmbrace Wireless Bra - Pink Cloud 34C","1","2","01/06/2026","1","T"
"21632724","RMA640202","12/17/2025","3098","CloudEmbrace Wireless Bra - Sand / 34C","1","2","01/06/2026","1","T"
"21632724","RMA640202","12/17/2025","3063","CloudEmbrace Wireless Bra - Vamp / 34C","1","2","01/06/2026","1","T"
"21646788","RMA641015","12/17/2025","2972","LiftWear CrossOver Bra - Runway / M","1","3","01/06/2026","2","T"
"21646788","RMA641015","12/17/2025","9036","LiftWear CrossOver Bra - Sand M","1","3","01/06/2026","2","T"
"21646788","RMA641015","12/17/2025","2974","LiftWear CrossOver Bra - Vamp / M","1","3","01/06/2026","2","T"
"21651296","RMA641136","12/17/2025","3145","CloudEmbrace Wireless Bra - Astral / 38C","1","2","01/06/2026","1","T"
"21651296","RMA641136","12/17/2025","3110","CloudEmbrace Wireless Bra - Sand / 38C","1","2","01/06/2026","1","T"
"21651296","RMA641136","12/17/2025","3075","CloudEmbrace Wireless Bra - Vamp / 38C","1","2","01/06/2026","1","T"
"21602893","RMA638792","12/16/2025","11626","LiftWear CrossOver Bra - Blush M","1","2","01/06/2026","1","T"
"21602893","RMA638792","12/16/2025","6532","LiftWear CrossOver Bra - Fig L","1","2","01/06/2026","1","T"
"21603400","RMA638867","12/16/2025","4274","LiftWear CrossOver Bra - Vamp 34DDD(F)/G","1","2","01/06/2026","1","T"
"21603400","RMA638867","12/16/2025","9743","SoftForm Bra - Sand S+","1","2","01/06/2026","1","T"
"21603789","RMA638914","12/16/2025","1865","BlissWear Chemise - Midnight / XS","1","3","01/06/2026","2","T"
"21603789","RMA638914","12/16/2025","3097","CloudEmbrace Wireless Bra - Sand / 34B","1","3","01/06/2026","2","T"
"21603789","RMA638914","12/16/2025","6027","LiftWear CrossOver Bra - Navy S","1","3","01/06/2026","2","T"
"21603789","RMA638914","12/16/2025","12657","LiftWear CrossOver Bra - Ruby S","1","3","01/06/2026","2","T"
"21604614","RMA638951","12/16/2025","11630","LiftWear CrossOver Bra - Blush M+","1","2","01/06/2026","1","T"
"21604614","RMA638951","12/16/2025","4292","LiftWear CrossOver Bra - Vamp 36D/DD(E)","1","2","01/06/2026","1","T"
"21604415","RMA638954","12/16/2025","11772","LiftWear CrossOver Bra - Sand M","1","2","01/06/2026","1","T"
"21604415","RMA638954","12/16/2025","2982","LiftWear CrossOver Bra - Vamp / L","1","2","01/06/2026","1","T"
"21606816","RMA639144","12/16/2025","3130","CloudEmbrace Wireless Bra - Astral / 32D","1","2","01/06/2026","1","T"
"21606816","RMA639144","12/16/2025","3095","CloudEmbrace Wireless Bra - Sand / 32D","1","2","01/06/2026","1","T"
"21606816","RMA639144","12/16/2025","3060","CloudEmbrace Wireless Bra - Vamp / 32D","1","2","01/06/2026","1","T"
"21606816","RMA639144","12/16/2025","4932","LiftWear CrossOver Bra - Astral 32D/DD(E)","1","2","01/06/2026","1","T"
"21606816","RMA639144","12/16/2025","4938","LiftWear CrossOver Bra - Sand 32D/DD(E)","1","2","01/06/2026","1","T"
"21606816","RMA639144","12/16/2025","6117","LiftWear CrossOver Bra - Vamp XS+","1","2","01/06/2026","1","T"
"21606969","RMA639182","12/16/2025","3099","CloudEmbrace Wireless Bra - Sand / 34D","1","2","01/06/2026","1","T"
"21606969","RMA639182","12/16/2025","3064","CloudEmbrace Wireless Bra - Vamp / 34D","1","2","01/06/2026","1","T"
"21607177","RMA639189","12/16/2025","9743","SoftForm Bra - Sand S+","2","4","01/06/2026","2","T"
"21607750","RMA639253","12/16/2025","2982","LiftWear CrossOver Bra - Vamp / L","1","2","01/06/2026","1","T"
"21607750","RMA639253","12/16/2025","3534","SoftForm Bra - Vamp / XL","1","2","01/06/2026","1","T"
"21611819","RMA639508","12/16/2025","9686","SoftForm Bra - Astral XL","1","3","01/06/2026","2","T"
"21611819","RMA639508","12/16/2025","7304","SoftForm Bra - Aubergine XL","1","3","01/06/2026","2","T"
"21611819","RMA639508","12/16/2025","9709","SoftForm Bra - Blush XL","1","3","01/06/2026","2","T"
"21618664","RMA639882","12/16/2025","3597","CrossOver V-Neck Bra - Sand 34D/DD(E)","1","3","01/06/2026","2","T"
"21618664","RMA639882","12/16/2025","13038","CrossOver V-Neck Bra - Vamp XS+","1","3","01/06/2026","2","T"
"21618664","RMA639882","12/16/2025","4938","LiftWear CrossOver Bra - Sand 32D/DD(E)","1","3","01/06/2026","2","T"
"21618664","RMA639882","12/16/2025","6117","LiftWear CrossOver Bra - Vamp XS+","1","3","01/06/2026","2","T"
"21620458","RMA639921","12/16/2025","7676","CrossFlex Bra - Runway S+","1","2","01/06/2026","1","T"
"21620458","RMA639921","12/16/2025","7677","CrossFlex Bra - Sand S+","2","4","01/06/2026","2","T"
"21573527","RMA637589","12/15/2025","11772","LiftWear CrossOver Bra - Sand M","1","2","01/06/2026","1","T"
"21573527","RMA637589","12/15/2025","2982","LiftWear CrossOver Bra - Vamp / L","1","2","01/06/2026","1","T"
"21575386","RMA637688","12/15/2025","5690","CloudEmbrace Wireless Bra - Pink Cloud 38C","1","4","01/06/2026","3","T"
"21575386","RMA637688","12/15/2025","3110","CloudEmbrace Wireless Bra - Sand / 38C","1","4","01/06/2026","3","T"
"21575386","RMA637688","12/15/2025","3059","CloudEmbrace Wireless Bra - Vamp / 32C","1","4","01/06/2026","3","T"
"21575386","RMA637688","12/15/2025","3075","CloudEmbrace Wireless Bra - Vamp / 38C","1","4","01/06/2026","3","T"
"21583357","RMA638178","12/15/2025","6051","LiftWear CrossOver Bra - Navy L","1","2","01/06/2026","1","T"
"21583357","RMA638178","12/15/2025","2982","LiftWear CrossOver Bra - Vamp / L","1","2","01/06/2026","1","T"
"21583735","RMA638203","12/15/2025","1122","LiftWear Silhouette Bra - Sand / 1X","1","2","01/06/2026","1","T"
"21583735","RMA638203","12/15/2025","6431","Silhouette Bra - Vamp XL++","1","2","01/06/2026","1","T"
"21583735","RMA638203","12/15/2025","9691","SoftForm Bra - Sand XL","1","2","01/06/2026","1","T"
"21583735","RMA638203","12/15/2025","9736","SoftForm Bra - Vamp XL","1","2","01/06/2026","1","T"
"21586691","RMA638382","12/15/2025","3070","CloudEmbrace Wireless Bra - Vamp / 36D","1","2","01/06/2026","1","T"
"21586691","RMA638382","12/15/2025","7689","CrossFlex Bra - Sand M+","1","2","01/06/2026","1","T"
"21597814","RMA638636","12/15/2025","804","LiftWear Cami - Vamp / Medium","1","3","01/06/2026","2","T"
"21597814","RMA638636","12/15/2025","11778","LiftWear CrossOver Bra - Runway S++","1","3","01/06/2026","2","T"
"21597814","RMA638636","12/15/2025","10294","Low-Back Bodysuit - Sand / M","1","3","01/06/2026","2","T"
"21548938","RMA636062","12/14/2025","2972","LiftWear CrossOver Bra - Runway / M","1","2","01/06/2026","1","T"
"21548938","RMA636062","12/14/2025","2973","LiftWear CrossOver Bra - Sand / M","1","2","01/06/2026","1","T"
"21550336","RMA636233","12/14/2025","3111","CloudEmbrace Wireless Bra - Sand / 38D","1","2","01/06/2026","1","T"
"21550336","RMA636233","12/14/2025","3076","CloudEmbrace Wireless Bra - Vamp / 38D","1","2","01/06/2026","1","T"
"21551004","RMA636285","12/14/2025","3104","CloudEmbrace Wireless Bra - Sand / 36C","1","2","01/06/2026","1","T"
"21551004","RMA636285","12/14/2025","3069","CloudEmbrace Wireless Bra - Vamp / 36C","1","2","01/06/2026","1","T"
"21551004","RMA636285","12/14/2025","13012","CrossOver V-Neck Bra - Sand M","1","2","01/06/2026","1","T"
"21551004","RMA636285","12/14/2025","13016","CrossOver V-Neck Bra - Sand S+","1","2","01/06/2026","1","T"
"21551004","RMA636285","12/14/2025","13028","CrossOver V-Neck Bra - Vamp M","1","2","01/06/2026","1","T"
"21551004","RMA636285","12/14/2025","13032","CrossOver V-Neck Bra - Vamp S+","1","2","01/06/2026","1","T"
"21551004","RMA636285","12/14/2025","11772","LiftWear CrossOver Bra - Sand M","1","2","01/06/2026","1","T"
"21551004","RMA636285","12/14/2025","2982","LiftWear CrossOver Bra - Vamp / L","1","2","01/06/2026","1","T"
"21551004","RMA636285","12/14/2025","2974","LiftWear CrossOver Bra - Vamp / M","1","2","01/06/2026","1","T"
"21552811","RMA636487","12/14/2025","3794","CloudEmbrace Wireless Bra - Sand 36DD(E)","1","2","01/06/2026","1","T"
"21552811","RMA636487","12/14/2025","3800","CloudEmbrace Wireless Bra - Sand 38DD(E)","1","2","01/06/2026","1","T"
"21552811","RMA636487","12/14/2025","4291","LiftWear CrossOver Bra - Sand 36D/DD(E)","1","2","01/06/2026","1","T"
"21552811","RMA636487","12/14/2025","4292","LiftWear CrossOver Bra - Vamp 36D/DD(E)","1","2","01/06/2026","1","T"
"21553505","RMA636566","12/14/2025","13015","CrossOver V-Neck Bra - Sand S","1","2","01/06/2026","1","T"
"21553505","RMA636566","12/14/2025","13031","CrossOver V-Neck Bra - Vamp S","1","2","01/06/2026","1","T"
"21553808","RMA636604","12/14/2025","6626","LiftWear CrossOver Bra - Runway XL++","1","2","01/06/2026","1","T"
"21553808","RMA636604","12/14/2025","6627","LiftWear CrossOver Bra - Sand XL++","1","2","01/06/2026","1","T"
"21559384","RMA636929","12/14/2025","7688","CrossFlex Bra - Runway M+","1","2","01/06/2026","1","T"
"21559384","RMA636929","12/14/2025","7694","CrossFlex Bra - Runway M++","1","2","01/06/2026","1","T"
"21559384","RMA636929","12/14/2025","7689","CrossFlex Bra - Sand M+","1","2","01/06/2026","1","T"
"21559384","RMA636929","12/14/2025","1104","LiftWear Silhouette Bra - Sand / Large","1","2","01/06/2026","1","T"
"21559384","RMA636929","12/14/2025","1114","LiftWear Silhouette Bra - Vamp / XL","1","2","01/06/2026","1","T"
"21559384","RMA636929","12/14/2025","3525","SoftForm Bra - Vamp / L","1","2","01/06/2026","1","T"
"21562769","RMA637067","12/14/2025","3104","CloudEmbrace Wireless Bra - Sand / 36C","2","4","01/06/2026","2","T"
"21566685","RMA637151","12/14/2025","6604","LiftWear CrossOver Bra - Fig M+","1","2","01/06/2026","1","T"
"21566685","RMA637151","12/14/2025","8559","LiftWear Tank - Navy / L","1","2","01/06/2026","1","T"
"21535249","RMA634853","12/13/2025","6411","Silhouette Bra - Astral M+","1","2","01/06/2026","1","T"
"21535249","RMA634853","12/13/2025","9910","Silhouette Bra - Ruby M+","2","4","01/06/2026","2","T"
"21535667","RMA634880","12/13/2025","11668","LiftWear CrossOver Bra - Fig S","1","2","01/06/2026","1","T"
"21535667","RMA634880","12/13/2025","6027","LiftWear CrossOver Bra - Navy S","1","2","01/06/2026","1","T"
"21535960","RMA634940","12/13/2025","5707","CloudEmbrace Wireless Bra - Pink Cloud 40DD(E)","1","3","01/06/2026","2","T"
"21535960","RMA634940","12/13/2025","3806","CloudEmbrace Wireless Bra - Sand 40DD(E)","1","3","01/06/2026","2","T"
"21535960","RMA634940","12/13/2025","6644","LiftWear CrossOver Bra - Runway 1X+","1","3","01/06/2026","2","T"
"21536535","RMA634998","12/13/2025","5701","CloudEmbrace Wireless Bra - Pink Cloud 34DD(E)","1","2","01/06/2026","1","T"
"21536535","RMA634998","12/13/2025","3789","CloudEmbrace Wireless Bra - Vamp 34DD(E)","1","2","01/06/2026","1","T"
"21536834","RMA635063","12/13/2025","6563","LiftWear CrossOver Bra - Runway 2X","1","2","01/06/2026","1","T"
"21536834","RMA635063","12/13/2025","11799","LiftWear CrossOver Bra - Sand 2X","1","2","01/06/2026","1","T"
"21536834","RMA635063","12/13/2025","6093","LiftWear CrossOver Bra - Vamp 2X","1","2","01/06/2026","1","T"
"21537801","RMA635170","12/13/2025","1641","CrossOver Brief - Runway / Small","1","2","01/06/2026","1","T"
"21537801","RMA635170","12/13/2025","6671","Lace CrossOver Bra - Runway S++","1","2","01/06/2026","1","T"
"21539213","RMA635352","12/13/2025","3792","CloudEmbrace Wireless Bra - Vamp 34DDD(F)","2","4","01/06/2026","2","T"
"21539213","RMA635352","12/13/2025","12944","CrossOver V-Neck Bra - Runway S++","3","6","01/06/2026","3","T"
"21539213","RMA635352","12/13/2025","11778","LiftWear CrossOver Bra - Runway S++","1","2","01/06/2026","1","T"
"21539213","RMA635352","12/13/2025","11784","LiftWear CrossOver Bra - Sand S++","1","2","01/06/2026","1","T"
"21539213","RMA635352","12/13/2025","6410","Silhouette Bra - Vamp S++","1","2","01/06/2026","1","T"
"21542934","RMA635731","12/13/2025","11569","LiftWear CrossOver Bra - Astral 1X","1","2","01/06/2026","1","T"
"21542934","RMA635731","12/13/2025","2996","LiftWear CrossOver Bra - Runway / 1X","1","2","01/06/2026","1","T"
"21542934","RMA635731","12/13/2025","11792","LiftWear CrossOver Bra - Sand 1X","1","2","01/06/2026","1","T"
"21511097","RMA633405","12/12/2025","11769","LiftWear CrossOver Bra - Sand L","1","2","01/06/2026","1","T"
"21511097","RMA633405","12/12/2025","2982","LiftWear CrossOver Bra - Vamp / L","2","4","01/06/2026","2","T"
"21514234","RMA633540","12/12/2025","3787","CloudEmbrace Wireless Bra - Astral 34DD(E)","1","3","01/06/2026","2","T"
"21514234","RMA633540","12/12/2025","3788","CloudEmbrace Wireless Bra - Sand 34DD(E)","1","3","01/06/2026","2","T"
"21514234","RMA633540","12/12/2025","3789","CloudEmbrace Wireless Bra - Vamp 34DD(E)","1","3","01/06/2026","2","T"
"21514738","RMA633588","12/12/2025","5706","CloudEmbrace Wireless Bra - Pink Cloud 38DDD(F)","1","2","01/06/2026","1","T"
"21514738","RMA633588","12/12/2025","3803","CloudEmbrace Wireless Bra - Sand 38DDD(F)","1","2","01/06/2026","1","T"
"21514738","RMA633588","12/12/2025","3804","CloudEmbrace Wireless Bra - Vamp 38DDD(F)","1","2","01/06/2026","1","T"
"21519707","RMA633937","12/12/2025","3139","CloudEmbrace Wireless Bra - Astral / 36C","1","2","01/06/2026","1","T"
"21519707","RMA633937","12/12/2025","5686","CloudEmbrace Wireless Bra - Pink Cloud 36C","1","2","01/06/2026","1","T"
"21519707","RMA633937","12/12/2025","12672","LiftWear CrossOver Bra - Ruby M","1","2","01/06/2026","1","T"
"21521528","RMA634049","12/12/2025","5980","CrossOver Brief - Blush / Medium","3","9","01/06/2026","6","T"
"21521528","RMA634049","12/12/2025","559","FitSense High-Waist Brief - Vamp / L","1","3","01/06/2026","2","T"
"21521528","RMA634049","12/12/2025","556","FitSense High-Waist Brief - Vamp / M","1","3","01/06/2026","2","T"
"21521528","RMA634049","12/12/2025","1265","LiftWear Cami Bodysuit - Vamp / Medium","2","6","01/06/2026","4","T"
"21521528","RMA634049","12/12/2025","12109","LiftWear Tank Bodysuit - Sand / M","2","6","01/06/2026","4","T"
"21521528","RMA634049","12/12/2025","5582","Mid-Thigh Bodysuit - Sand / Large","1","3","01/06/2026","2","T"
"21521528","RMA634049","12/12/2025","9751","SoftForm Bra - Astral L","1","3","01/06/2026","2","T"
"21521528","RMA634049","12/12/2025","9705","SoftForm Bra - Blush L","1","3","01/06/2026","2","T"
"21523065","RMA634190","12/12/2025","3791","CloudEmbrace Wireless Bra - Sand 34DDD(F)","1","2","01/06/2026","1","T"
"21523065","RMA634190","12/12/2025","3792","CloudEmbrace Wireless Bra - Vamp 34DDD(F)","1","2","01/06/2026","1","T"
"21523745","RMA634269","12/12/2025","3804","CloudEmbrace Wireless Bra - Vamp 38DDD(F)","1","2","01/06/2026","1","T"
"21523745","RMA634269","12/12/2025","4328","LiftWear CrossOver Bra - Vamp 38DDD(F)/G","1","2","01/06/2026","1","T"
"21523890","RMA634285","12/12/2025","3098","CloudEmbrace Wireless Bra - Sand / 34C","1","2","01/06/2026","1","T"
"21523890","RMA634285","12/12/2025","3063","CloudEmbrace Wireless Bra - Vamp / 34C","1","2","01/06/2026","1","T"
"21528267","RMA634431","12/12/2025","14758","LiftWear Tank - Runway / 1X","1","2","01/06/2026","1","T"
"21528267","RMA634431","12/12/2025","14750","LiftWear Tank - Sand / 1X","1","2","01/06/2026","1","T"
"21480165","RMA631755","12/11/2025","13036","CrossOver V-Neck Bra - Vamp XL++","1","3","01/06/2026","2","T"
"21480165","RMA631755","12/11/2025","6644","LiftWear CrossOver Bra - Runway 1X+","1","3","01/06/2026","2","T"
"21480165","RMA631755","12/11/2025","4346","LiftWear CrossOver Bra - Vamp 40DD(E)/DDD(F)","1","3","01/06/2026","2","T"
"21483565","RMA631949","12/11/2025","11626","LiftWear CrossOver Bra - Blush M","1","3","01/06/2026","2","T"
"21483565","RMA631949","12/11/2025","6037","LiftWear CrossOver Bra - Fig M","1","3","01/06/2026","2","T"
"21483565","RMA631949","12/11/2025","6039","LiftWear CrossOver Bra - Navy M","1","3","01/06/2026","2","T"
"21483565","RMA631949","12/11/2025","12672","LiftWear CrossOver Bra - Ruby M","1","3","01/06/2026","2","T"
"21483565","RMA631949","12/11/2025","2972","LiftWear CrossOver Bra - Runway / M","1","3","01/06/2026","2","T"
"21483565","RMA631949","12/11/2025","2974","LiftWear CrossOver Bra - Vamp / M","1","3","01/06/2026","2","T"
"21483628","RMA631959","12/11/2025","3800","CloudEmbrace Wireless Bra - Sand 38DD(E)","1","2","01/06/2026","1","T"
"21483628","RMA631959","12/11/2025","7628","CrossFlex Bra - Runway XL","1","2","01/06/2026","1","T"
"21483774","RMA631979","12/11/2025","9748","SoftForm Bra - Astral 2X+","1","3","01/06/2026","2","T"
"21483774","RMA631979","12/11/2025","9731","SoftForm Bra - Sand 2X+","1","3","01/06/2026","2","T"
"21483774","RMA631979","12/11/2025","3552","SoftForm Bra - Vamp / 2X","1","3","01/06/2026","2","T"
"21483841","RMA631988","12/11/2025","13165","Lace CrossOver Bra - Astral S","1","2","01/06/2026","1","T"
"21483841","RMA631988","12/11/2025","1175","LiftWear CrossOver Bra - Vamp / Small","1","2","01/06/2026","1","T"
"21487616","RMA632169","12/11/2025","5705","CloudEmbrace Wireless Bra - Pink Cloud 38DD(E)","1","2","01/06/2026","1","T"
"21487616","RMA632169","12/11/2025","10930","SoftForm Bra - Aubergine XL","1","2","01/06/2026","1","T"
"21489989","RMA632345","12/11/2025","814","LiftWear Cami - Vamp / Large","2","4","01/06/2026","2","T"
"21489989","RMA632345","12/11/2025","1273","LiftWear Cami Bodysuit - Vamp / Large","2","4","01/06/2026","2","T"
"21489989","RMA632345","12/11/2025","14552","SuperPower Brief - Sand / L","1","2","01/06/2026","1","T"
"21489989","RMA632345","12/11/2025","207","SuperPower Brief - Vamp / L","1","2","01/06/2026","1","T"
"21491984","RMA632464","12/11/2025","11593","LiftWear CrossOver Bra - Astral S","1","2","01/06/2026","1","T"
"21491984","RMA632464","12/11/2025","6031","LiftWear CrossOver Bra - Runway S","1","2","01/06/2026","1","T"
"21491984","RMA632464","12/11/2025","4930","LiftWear CrossOver Bra - Sand 32B/C","1","2","01/06/2026","1","T"
"21500213","RMA632965","12/11/2025","4290","LiftWear CrossOver Bra - Runway 36D/DD(E)","1","2","01/06/2026","1","T"
"21500213","RMA632965","12/11/2025","11772","LiftWear CrossOver Bra - Sand M","1","2","01/06/2026","1","T"
"21500213","RMA632965","12/11/2025","2982","LiftWear CrossOver Bra - Vamp / L","1","2","01/06/2026","1","T"
"21500246","RMA632970","12/11/2025","3094","CloudEmbrace Wireless Bra - Sand / 32C","1","4","01/06/2026","3","T"
"21500246","RMA632970","12/11/2025","3059","CloudEmbrace Wireless Bra - Vamp / 32C","1","4","01/06/2026","3","T"
"21500246","RMA632970","12/11/2025","11787","LiftWear CrossOver Bra - Runway XS","1","4","01/06/2026","3","T"
"21500246","RMA632970","12/11/2025","6032","LiftWear CrossOver Bra - Sand S","1","4","01/06/2026","3","T"
"21457334","RMA629952","12/10/2025","3514","SoftForm Bra - Sand / M","1","2","01/06/2026","1","T"
"21457334","RMA629952","12/10/2025","3516","SoftForm Bra - Vamp / M","2","4","01/06/2026","2","T"
"21457761","RMA629975","12/10/2025","11569","LiftWear CrossOver Bra - Astral 1X","1","2","01/06/2026","1","T"
"21457761","RMA629975","12/10/2025","2997","LiftWear CrossOver Bra - Sand / 1X","1","2","01/06/2026","1","T"
"21457761","RMA629975","12/10/2025","2998","LiftWear CrossOver Bra - Vamp / 1X","1","2","01/06/2026","1","T"
"21458072","RMA629990","12/10/2025","11602","LiftWear CrossOver Bra - Astral XL","1","2","01/06/2026","1","T"
"21458072","RMA629990","12/10/2025","11786","LiftWear CrossOver Bra - Sand XL","1","2","01/06/2026","1","T"
"21458072","RMA629990","12/10/2025","2990","LiftWear CrossOver Bra - Vamp / XL","1","2","01/06/2026","1","T"
"21463394","RMA630452","12/10/2025","2025","BlissWear Cami - Midnight / 1X","1","2","01/06/2026","1","T"
"21463394","RMA630452","12/10/2025","2188","BlissWear Long Sleeve Top - Navy / 1X","1","2","01/06/2026","1","T"
"21463394","RMA630452","12/10/2025","2083","BlissWear Pant - Navy / XL","1","2","01/06/2026","1","T"
"21463394","RMA630452","12/10/2025","1981","BlissWear Short - Navy / XL","1","2","01/06/2026","1","T"
"21463653","RMA630483","12/10/2025","9036","LiftWear CrossOver Bra - Sand M","2","4","01/06/2026","2","T"
"21463653","RMA630483","12/10/2025","2974","LiftWear CrossOver Bra - Vamp / M","1","2","01/06/2026","1","T"
"21463721","RMA630490","12/10/2025","1263","LiftWear Cami Bodysuit - Runway / Medium","1","2","01/06/2026","1","T"
"21463721","RMA630490","12/10/2025","12161","LiftWear Cami Bodysuit - Sand / M","1","2","01/06/2026","1","T"
"21464490","RMA630526","12/10/2025","6545","LiftWear CrossOver Bra - Runway XL","1","2","01/06/2026","1","T"
"21464490","RMA630526","12/10/2025","6363","Silhouette Bra - Blush XL","1","2","01/06/2026","1","T"
"21464971","RMA630568","12/10/2025","3597","CrossOver V-Neck Bra - Sand 34D/DD(E)","1","2","01/06/2026","1","T"
"21464971","RMA630568","12/10/2025","8476","Silhouette Roses Bra - Sand M","1","2","01/06/2026","1","T"
"21466131","RMA630614","12/10/2025","11954","Cami Thong Bodysuit - Runway / L","1","3","01/06/2026","2","T"
"21466131","RMA630614","12/10/2025","11962","Cami Thong Bodysuit - Sand / L","1","3","01/06/2026","2","T"
"21466131","RMA630614","12/10/2025","3098","CloudEmbrace Wireless Bra - Sand / 34C","1","3","01/06/2026","2","T"
"21466131","RMA630614","12/10/2025","3105","CloudEmbrace Wireless Bra - Sand / 36D","1","3","01/06/2026","2","T"
"21466131","RMA630614","12/10/2025","3063","CloudEmbrace Wireless Bra - Vamp / 34C","1","3","01/06/2026","2","T"
"21466131","RMA630614","12/10/2025","3070","CloudEmbrace Wireless Bra - Vamp / 36D","1","3","01/06/2026","2","T"
"21466131","RMA630614","12/10/2025","3514","SoftForm Bra - Sand / M","1","3","01/06/2026","2","T"
"21466131","RMA630614","12/10/2025","9740","SoftForm Bra - Sand M+","1","3","01/06/2026","2","T"
"21466131","RMA630614","12/10/2025","3525","SoftForm Bra - Vamp / L","1","3","01/06/2026","2","T"
"21466131","RMA630614","12/10/2025","3516","SoftForm Bra - Vamp / M","1","3","01/06/2026","2","T"
"21466171","RMA630628","12/10/2025","3791","CloudEmbrace Wireless Bra - Sand 34DDD(F)","1","2","01/06/2026","1","T"
"21466171","RMA630628","12/10/2025","11784","LiftWear CrossOver Bra - Sand S++","1","2","01/06/2026","1","T"
"21466425","RMA630637","12/10/2025","11569","LiftWear CrossOver Bra - Astral 1X","1","2","01/06/2026","1","T"
"21466425","RMA630637","12/10/2025","6370","Silhouette Bra - Blush 1X","1","2","01/06/2026","1","T"
"21467917","RMA630737","12/10/2025","2996","LiftWear CrossOver Bra - Runway / 1X","1","2","01/06/2026","1","T"
"21467917","RMA630737","12/10/2025","14568","SuperPower Brief - Runway / L","1","2","01/06/2026","1","T"
"21467959","RMA630747","12/10/2025","3128","CloudEmbrace Wireless Bra - Astral / 32B","1","2","01/06/2026","1","T"
"21467959","RMA630747","12/10/2025","1084","LiftWear Silhouette Bra - Peony / Small","1","2","01/06/2026","1","T"
"21468739","RMA630795","12/10/2025","3098","CloudEmbrace Wireless Bra - Sand / 34C","1","2","01/06/2026","1","T"
"21468739","RMA630795","12/10/2025","8475","Silhouette Roses Bra - Blush M","1","2","01/06/2026","1","T"
"21469182","RMA630817","12/10/2025","7719","CrossFlex Bra - Sand 2X+","2","4","01/06/2026","2","T"
"21469182","RMA630817","12/10/2025","6647","LiftWear CrossOver Bra - Astral 2X+","1","2","01/06/2026","1","T"
"21469182","RMA630817","12/10/2025","11599","LiftWear CrossOver Bra - Blush 3X+","1","2","01/06/2026","1","T"
"21471345","RMA631054","12/10/2025","3800","CloudEmbrace Wireless Bra - Sand 38DD(E)","1","2","01/06/2026","1","T"
"21471345","RMA631054","12/10/2025","7629","CrossFlex Bra - Sand XL","1","2","01/06/2026","1","T"
"21471345","RMA631054","12/10/2025","6363","Silhouette Bra - Blush XL","1","2","01/06/2026","1","T"
"21472950","RMA631211","12/10/2025","6604","LiftWear CrossOver Bra - Fig M+","1","3","01/06/2026","2","T"
"21472950","RMA631211","12/10/2025","11736","LiftWear CrossOver Bra - Navy S++","1","3","01/06/2026","2","T"
"21472950","RMA631211","12/10/2025","4292","LiftWear CrossOver Bra - Vamp 36D/DD(E)","1","3","01/06/2026","2","T"
"21432113","RMA628169","12/09/2025","11817","LiftWear CrossOver Bra - Vamp S++","1","2","01/06/2026","1","T"
"21432113","RMA628169","12/09/2025","6424","Silhouette Bra - Vamp M++","1","2","01/06/2026","1","T"
"21432113","RMA628169","12/09/2025","6410","Silhouette Bra - Vamp S++","1","2","01/06/2026","1","T"
"21432065","RMA628174","12/09/2025","3572","LiftWear Silhouette Bra - Blush / M","1","2","01/06/2026","1","T"
"21432065","RMA628174","12/09/2025","1093","LiftWear Silhouette Bra - Peony / Medium","1","2","01/06/2026","1","T"
"21432065","RMA628174","12/09/2025","1096","LiftWear Silhouette Bra - Vamp / Medium","1","2","01/06/2026","1","T"
"21432612","RMA628214","12/09/2025","13012","CrossOver V-Neck Bra - Sand M","1","2","01/06/2026","1","T"
"21432612","RMA628214","12/09/2025","299","Queen Brief - Sand / M","1","2","01/06/2026","1","T"
"21432614","RMA628217","12/09/2025","6430","Silhouette Bra - Sand XL++","1","2","01/06/2026","1","T"
"21432614","RMA628217","12/09/2025","9696","SoftForm Bra - Sand XL++","1","2","01/06/2026","1","T"
"21432679","RMA628234","12/09/2025","3794","CloudEmbrace Wireless Bra - Sand 36DD(E)","1","3","01/06/2026","2","T"
"21432679","RMA628234","12/09/2025","6608","LiftWear CrossOver Bra - Runway M+","1","3","01/06/2026","2","T"
"21432679","RMA628234","12/09/2025","4291","LiftWear CrossOver Bra - Sand 36D/DD(E)","1","3","01/06/2026","2","T"
"21435878","RMA628430","12/09/2025","4932","LiftWear CrossOver Bra - Astral 32D/DD(E)","1","2","01/06/2026","1","T"
"21435878","RMA628430","12/09/2025","4938","LiftWear CrossOver Bra - Sand 32D/DD(E)","1","2","01/06/2026","1","T"
"21435878","RMA628430","12/09/2025","6117","LiftWear CrossOver Bra - Vamp XS+","1","2","01/06/2026","1","T"
"21436404","RMA628482","12/09/2025","6031","LiftWear CrossOver Bra - Runway S","1","2","01/06/2026","1","T"
"21436404","RMA628482","12/09/2025","4930","LiftWear CrossOver Bra - Sand 32B/C","1","2","01/06/2026","1","T"
"21436404","RMA628482","12/09/2025","1175","LiftWear CrossOver Bra - Vamp / Small","1","2","01/06/2026","1","T"
"21440021","RMA628720","12/09/2025","11602","LiftWear CrossOver Bra - Astral XL","1","2","01/06/2026","1","T"
"21440021","RMA628720","12/09/2025","4318","LiftWear CrossOver Bra - Sand 38D/DD(E)","1","2","01/06/2026","1","T"
"21440021","RMA628720","12/09/2025","2990","LiftWear CrossOver Bra - Vamp / XL","1","2","01/06/2026","1","T"
"21440609","RMA628788","12/09/2025","4291","LiftWear CrossOver Bra - Sand 36D/DD(E)","1","2","01/06/2026","1","T"
"21440609","RMA628788","12/09/2025","4292","LiftWear CrossOver Bra - Vamp 36D/DD(E)","1","2","01/06/2026","1","T"
"21441651","RMA628857","12/09/2025","6532","LiftWear CrossOver Bra - Fig L","1","2","01/06/2026","1","T"
"21441651","RMA628857","12/09/2025","11769","LiftWear CrossOver Bra - Sand L","1","2","01/06/2026","1","T"
"21442749","RMA628922","12/09/2025","11583","LiftWear CrossOver Bra - Astral M","1","3","01/06/2026","2","T"
"21442749","RMA628922","12/09/2025","2981","LiftWear CrossOver Bra - Sand / L","1","3","01/06/2026","2","T"
"21442749","RMA628922","12/09/2025","2982","LiftWear CrossOver Bra - Vamp / L","1","3","01/06/2026","2","T"
"21442545","RMA628924","12/09/2025","6109","LiftWear CrossOver Bra - Fig XS+","1","2","01/06/2026","1","T"
"21442545","RMA628924","12/09/2025","5598","MeshSculpt High-Waist Short - Sand / S","1","2","01/06/2026","1","T"
"21443835","RMA628991","12/09/2025","13018","CrossOver V-Neck Bra - Sand XL","1","2","01/06/2026","1","T"
"21443835","RMA628991","12/09/2025","13034","CrossOver V-Neck Bra - Vamp XL","1","2","01/06/2026","1","T"
"21446132","RMA629181","12/09/2025","11638","LiftWear CrossOver Bra - Blush S+","1","2","01/06/2026","1","T"
"21446132","RMA629181","12/09/2025","4272","LiftWear CrossOver Bra - Runway 34DDD(F)/G","1","2","01/06/2026","1","T"
"21446132","RMA629181","12/09/2025","9036","LiftWear CrossOver Bra - Sand M","1","2","01/06/2026","1","T"
"21446295","RMA629205","12/09/2025","1095","LiftWear Silhouette Bra - Sand / Medium","1","2","01/06/2026","1","T"
"21446295","RMA629205","12/09/2025","1096","LiftWear Silhouette Bra - Vamp / Medium","1","2","01/06/2026","1","T"
"21447444","RMA629330","12/09/2025","11787","LiftWear CrossOver Bra - Runway XS","1","2","01/06/2026","1","T"
"21447444","RMA629330","12/09/2025","6032","LiftWear CrossOver Bra - Sand S","1","2","01/06/2026","1","T"
"21447444","RMA629330","12/09/2025","1175","LiftWear CrossOver Bra - Vamp / Small","1","2","01/06/2026","1","T"
"21448573","RMA629468","12/09/2025","11596","LiftWear CrossOver Bra - Astral S+","1","2","01/06/2026","1","T"
"21448573","RMA629468","12/09/2025","9036","LiftWear CrossOver Bra - Sand M","1","2","01/06/2026","1","T"
"21448573","RMA629468","12/09/2025","2974","LiftWear CrossOver Bra - Vamp / M","1","2","01/06/2026","1","T"
"21448771","RMA629483","12/09/2025","6608","LiftWear CrossOver Bra - Runway M+","1","2","01/06/2026","1","T"
"21448771","RMA629483","12/09/2025","4291","LiftWear CrossOver Bra - Sand 36D/DD(E)","1","2","01/06/2026","1","T"
"21449193","RMA629560","12/09/2025","11664","LiftWear CrossOver Bra - Fig 3X","1","2","01/06/2026","1","T"
"21449193","RMA629560","12/09/2025","11712","LiftWear CrossOver Bra - Navy 3X","1","2","01/06/2026","1","T"
"21449193","RMA629560","12/09/2025","3014","LiftWear CrossOver Bra - Vamp / 3X","1","2","01/06/2026","1","T"
"21449673","RMA629592","12/09/2025","1809","EverReady Pant - Jet Black / Medium","1","2","01/06/2026","1","T"
"21449673","RMA629592","12/09/2025","1829","Perfectionist Pant - Jet Black / Medium","1","2","01/06/2026","1","T"
"21449942","RMA629631","12/09/2025","9036","LiftWear CrossOver Bra - Sand M","1","2","01/06/2026","1","T"
"21449942","RMA629631","12/09/2025","5496","SuperPower Short - Sand / XL","1","2","01/06/2026","1","T"
"21451356","RMA629735","12/09/2025","4962","LiftWear CrossOver Bra - Sand 34DDD(F)/G","1","2","01/06/2026","1","T"
"21451356","RMA629735","12/09/2025","4274","LiftWear CrossOver Bra - Vamp 34DDD(F)/G","1","2","01/06/2026","1","T"
"21451821","RMA629763","12/09/2025","6444","Silhouette Bra - Sand 1X+","1","2","01/06/2026","1","T"
"21451821","RMA629763","12/09/2025","6445","Silhouette Bra - Vamp 1X+","1","2","01/06/2026","1","T"
"21415544","RMA626918","12/08/2025","1296","LiftWear Cami Bodysuit - Sand / 2X","1","2","01/06/2026","1","T"
"21415544","RMA626918","12/08/2025","5585","Mid-Thigh Bodysuit - Sand / 2X","1","2","01/06/2026","1","T"
"21416940","RMA627092","12/08/2025","2972","LiftWear CrossOver Bra - Runway / M","2","4","01/06/2026","2","T"
"21416940","RMA627092","12/08/2025","9036","LiftWear CrossOver Bra - Sand M","1","2","01/06/2026","1","T"
"21418978","RMA627207","12/08/2025","2960","LiftWear CrossOver Bra - Fig / S","1","2","01/06/2026","1","T"
"21418978","RMA627207","12/08/2025","6110","LiftWear CrossOver Bra - Mist XS+","1","2","01/06/2026","1","T"
"21418978","RMA627207","12/08/2025","1086","LiftWear Silhouette Bra - Sand / Small","1","2","01/06/2026","1","T"
"21419971","RMA627246","12/08/2025","11572","LiftWear CrossOver Bra - Astral 1X+","1","2","01/06/2026","1","T"
"21419971","RMA627246","12/08/2025","11659","LiftWear CrossOver Bra - Fig 1X+","1","2","01/06/2026","1","T"
"21419971","RMA627246","12/08/2025","4346","LiftWear CrossOver Bra - Vamp 40DD(E)/DDD(F)","1","2","01/06/2026","1","T"
"21420622","RMA627314","12/08/2025","7688","CrossFlex Bra - Runway M+","1","2","01/06/2026","1","T"
"21420622","RMA627314","12/08/2025","13013","CrossOver V-Neck Bra - Sand M+","1","2","01/06/2026","1","T"
"21422833","RMA627464","12/08/2025","12896","CrossOver V-Neck Bra - Blush 1X+","1","2","01/06/2026","1","T"
"21422833","RMA627464","12/08/2025","11792","LiftWear CrossOver Bra - Sand 1X","1","2","01/06/2026","1","T"
"21423209","RMA627488","12/08/2025","6604","LiftWear CrossOver Bra - Fig M+","1","3","01/06/2026","2","T"
"21423209","RMA627488","12/08/2025","6605","LiftWear CrossOver Bra - Navy M+","1","3","01/06/2026","2","T"
"21423209","RMA627488","12/08/2025","4292","LiftWear CrossOver Bra - Vamp 36D/DD(E)","1","3","01/06/2026","2","T"
"21423923","RMA627559","12/08/2025","6605","LiftWear CrossOver Bra - Navy M+","2","4","01/06/2026","2","T"
"21423923","RMA627559","12/08/2025","4291","LiftWear CrossOver Bra - Sand 36D/DD(E)","1","2","01/06/2026","1","T"
"21424503","RMA627582","12/08/2025","11569","LiftWear CrossOver Bra - Astral 1X","1","2","01/06/2026","1","T"
"21424503","RMA627582","12/08/2025","11792","LiftWear CrossOver Bra - Sand 1X","1","2","01/06/2026","1","T"
"21424503","RMA627582","12/08/2025","2998","LiftWear CrossOver Bra - Vamp / 1X","1","2","01/06/2026","1","T"
"21425740","RMA627739","12/08/2025","12109","LiftWear Tank Bodysuit - Sand / M","1","2","01/06/2026","1","T"
"21425740","RMA627739","12/08/2025","1359","LiftWear Tank Bodysuit - Vamp / Medium","1","2","01/06/2026","1","T"
"21426026","RMA627778","12/08/2025","4954","LiftWear CrossOver Bra - Sand 34D/DD(E)","1","2","01/06/2026","1","T"
"21426026","RMA627778","12/08/2025","9036","LiftWear CrossOver Bra - Sand M","1","2","01/06/2026","1","T"
"21426371","RMA627840","12/08/2025","1272","LiftWear Cami Bodysuit - Sand / Large","1","2","01/06/2026","1","T"
"21426371","RMA627840","12/08/2025","1273","LiftWear Cami Bodysuit - Vamp / Large","1","2","01/06/2026","1","T"
"21426371","RMA627840","12/08/2025","2735","Open-Bust Mid-Thigh Bodysuit - Runway / L","1","2","01/06/2026","1","T"
"21426371","RMA627840","12/08/2025","2736","Open-Bust Mid-Thigh Bodysuit - Sand / L","1","2","01/06/2026","1","T"
"21427166","RMA627907","12/08/2025","11593","LiftWear CrossOver Bra - Astral S","1","2","01/06/2026","1","T"
"21427166","RMA627907","12/08/2025","1175","LiftWear CrossOver Bra - Vamp / Small","1","2","01/06/2026","1","T"
"21427913","RMA627982","12/08/2025","7674","CrossFlex Bra - Astral S+","1","2","01/06/2026","1","T"
"21427913","RMA627982","12/08/2025","7677","CrossFlex Bra - Sand S+","1","2","01/06/2026","1","T"
"21427970","RMA627992","12/08/2025","1077","LiftWear Silhouette Bra - Sand / XS","1","2","01/06/2026","1","T"
"21427970","RMA627992","12/08/2025","1078","LiftWear Silhouette Bra - Vamp / XS","1","2","01/06/2026","1","T"
"21375116","RMA625473","12/07/2025","5980","CrossOver Brief - Blush / Medium","1","2","01/06/2026","1","T"
"21375116","RMA625473","12/07/2025","6032","LiftWear CrossOver Bra - Sand S","1","2","01/06/2026","1","T"
"21377392","RMA625644","12/07/2025","8570","LiftWear Tank","1","2","01/06/2026","1","T"
"21377392","RMA625644","12/07/2025","14750","LiftWear Tank - Sand / 1X","1","2","01/06/2026","1","T"
"21377721","RMA625663","12/07/2025","9039","LiftWear CrossOver Bra - Blush L","1","2","01/06/2026","1","T"
"21377721","RMA625663","12/07/2025","6536","LiftWear CrossOver Bra - Runway L","1","2","01/06/2026","1","T"
"21377722","RMA625664","12/07/2025","12966","CrossOver V-Neck Bra - Blush XL","1","2","01/06/2026","1","T"
"21377722","RMA625664","12/07/2025","12982","CrossOver V-Neck Bra - Runway XL","1","2","01/06/2026","1","T"
"21377910","RMA625672","12/07/2025","6617","LiftWear CrossOver Bra - Runway M++","1","3","01/06/2026","2","T"
"21377910","RMA625672","12/07/2025","4300","LiftWear CrossOver Bra - Sand 36DDD(F)/G","1","3","01/06/2026","2","T"
"21377910","RMA625672","12/07/2025","4301","LiftWear CrossOver Bra - Vamp 36DDD(F)/G","1","3","01/06/2026","2","T"
"21379182","RMA625746","12/07/2025","12964","CrossOver V-Neck Bra - Blush S+","1","2","01/06/2026","1","T"
"21379182","RMA625746","12/07/2025","12164","LiftWear Cami Bodysuit - Sand / S","1","2","01/06/2026","1","T"
"21380627","RMA625884","12/07/2025","9686","SoftForm Bra - Astral XL","1","2","01/06/2026","1","T"
"21380627","RMA625884","12/07/2025","9691","SoftForm Bra - Sand XL","1","2","01/06/2026","1","T"
"21380627","RMA625884","12/07/2025","3534","SoftForm Bra - Vamp / XL","1","2","01/06/2026","1","T"
"21380963","RMA625937","12/07/2025","9752","SoftForm Bra - Astral M","1","2","01/06/2026","1","T"
"21380963","RMA625937","12/07/2025","3523","SoftForm Bra - Sand / L","1","2","01/06/2026","1","T"
"21381825","RMA625991","12/07/2025","3059","CloudEmbrace Wireless Bra - Vamp / 32C","1","3","01/06/2026","2","T"
"21381825","RMA625991","12/07/2025","1093","LiftWear Silhouette Bra - Peony / Medium","1","3","01/06/2026","2","T"
"21381825","RMA625991","12/07/2025","6350","Silhouette Bra - Fig M","1","3","01/06/2026","2","T"
"21383168","RMA626075","12/07/2025","11586","LiftWear CrossOver Bra - Astral M+","1","2","01/06/2026","1","T"
"21383168","RMA626075","12/07/2025","4291","LiftWear CrossOver Bra - Sand 36D/DD(E)","1","2","01/06/2026","1","T"
"21383168","RMA626075","12/07/2025","4292","LiftWear CrossOver Bra - Vamp 36D/DD(E)","1","2","01/06/2026","1","T"
"21385234","RMA626186","12/07/2025","11596","LiftWear CrossOver Bra - Astral S+","1","3","01/06/2026","2","T"
"21385234","RMA626186","12/07/2025","6039","LiftWear CrossOver Bra - Navy M","1","3","01/06/2026","2","T"
"21385234","RMA626186","12/07/2025","4290","LiftWear CrossOver Bra - Runway 36D/DD(E)","1","3","01/06/2026","2","T"
"21385854","RMA626306","12/07/2025","10982","SoftForm Bra - Aubergine 3X+","1","2","01/06/2026","1","T"
"21385854","RMA626306","12/07/2025","9701","SoftForm Bra - Blush 3X+","1","2","01/06/2026","1","T"
"21394588","RMA626431","12/07/2025","7694","CrossFlex Bra - Runway M++","1","2","01/06/2026","1","T"
"21394588","RMA626431","12/07/2025","6618","LiftWear CrossOver Bra - Sand M++","1","2","01/06/2026","1","T"
"21362599","RMA624424","12/06/2025","6666","Lace CrossOver Bra - Astral XS+","1","3","01/06/2026","2","T"
"21362599","RMA624424","12/06/2025","4938","LiftWear CrossOver Bra - Sand 32D/DD(E)","1","3","01/06/2026","2","T"
"21362599","RMA624424","12/06/2025","6117","LiftWear CrossOver Bra - Vamp XS+","1","3","01/06/2026","2","T"
"21363108","RMA624469","12/06/2025","5394","Low-Back Bodysuit - Vamp / 1X","1","4","01/06/2026","3","T"
"21363108","RMA624469","12/06/2025","5391","Low-Back Bodysuit - Vamp / XL","1","4","01/06/2026","3","T"
"21364920","RMA624674","12/06/2025","11784","LiftWear CrossOver Bra - Sand S++","1","2","01/06/2026","1","T"
"21364920","RMA624674","12/06/2025","9744","SoftForm Bra - Sand S++","1","2","01/06/2026","1","T"
"21365192","RMA624703","12/06/2025","3479","Low Back Bodysuit - Runway / XL","1","2","01/06/2026","1","T"
"21365192","RMA624703","12/06/2025","10311","Low-Back Bodysuit - Sand / XL","1","2","01/06/2026","1","T"
"21367044","RMA624944","12/06/2025","12897","CrossOver V-Neck Bra - Blush 2X","1","2","01/06/2026","1","T"
"21367044","RMA624944","12/06/2025","12948","CrossOver V-Neck Bra - Vamp 2X","1","2","01/06/2026","1","T"
"21368113","RMA625015","12/06/2025","6438","Silhouette Bra - Vamp XL+","1","2","01/06/2026","1","T"
"21368113","RMA625015","12/06/2025","8483","Silhouette Roses Bra - Blush XL","1","2","01/06/2026","1","T"
"21368113","RMA625015","12/06/2025","8484","Silhouette Roses Bra - Sand XL","1","2","01/06/2026","1","T"
"21369962","RMA625235","12/06/2025","822","LiftWear Cami - Sand / XL","1","2","01/06/2026","1","T"
"21369962","RMA625235","12/06/2025","824","LiftWear Cami - Vamp / XL","1","2","01/06/2026","1","T"
"21370326","RMA625290","12/06/2025","9740","SoftForm Bra - Sand M+","1","2","01/06/2026","1","T"
"21370326","RMA625290","12/06/2025","3534","SoftForm Bra - Vamp / XL","1","2","01/06/2026","1","T"
"21341792","RMA623234","12/05/2025","2960","LiftWear CrossOver Bra - Fig / S","1","2","01/06/2026","1","T"
"21341792","RMA623234","12/05/2025","1096","LiftWear Silhouette Bra - Vamp / Medium","1","2","01/06/2026","1","T"
"21342532","RMA623282","12/05/2025","4291","LiftWear CrossOver Bra - Sand 36D/DD(E)","1","2","01/06/2026","1","T"
"21342532","RMA623282","12/05/2025","1113","LiftWear Silhouette Bra - Sand / XL","2","4","01/06/2026","2","T"
"21343625","RMA623348","12/05/2025","995","LiftWear V-Neck Bra - Moondust / Medium","1","2","01/06/2026","1","T"
"21343625","RMA623348","12/05/2025","3510","SoftForm Bra - Fig / M","1","2","01/06/2026","1","T"
"21347473","RMA623587","12/05/2025","11786","LiftWear CrossOver Bra - Sand XL","1","2","01/06/2026","1","T"
"21347473","RMA623587","12/05/2025","131","SuperPower Short - Sand / 1X","1","2","01/06/2026","1","T"
"21351186","RMA623817","12/05/2025","11583","LiftWear CrossOver Bra - Astral M","1","2","01/06/2026","1","T"
"21351186","RMA623817","12/05/2025","11772","LiftWear CrossOver Bra - Sand M","1","2","01/06/2026","1","T"
"21353793","RMA623904","12/05/2025","3025","Lace CrossOver Bra - Runway / XL","1","2","01/06/2026","1","T"
"21353793","RMA623904","12/05/2025","12660","LiftWear CrossOver Bra - Ruby XL","1","2","01/06/2026","1","T"
"21355990","RMA624104","12/05/2025","4932","LiftWear CrossOver Bra - Astral 32D/DD(E)","1","2","01/06/2026","1","T"
"21355990","RMA624104","12/05/2025","4938","LiftWear CrossOver Bra - Sand 32D/DD(E)","1","2","01/06/2026","1","T"
"21355990","RMA624104","12/05/2025","6117","LiftWear CrossOver Bra - Vamp XS+","1","2","01/06/2026","1","T"
"21358404","RMA624254","12/05/2025","9725","SoftForm Bra - Sand 1X","1","2","01/06/2026","1","T"
"21358404","RMA624254","12/05/2025","9702","SoftForm Bra - Vamp 1X","1","2","01/06/2026","1","T"
"21358430","RMA624258","12/05/2025","4962","LiftWear CrossOver Bra - Sand 34DDD(F)/G","1","2","01/06/2026","1","T"
"21358430","RMA624258","12/05/2025","4274","LiftWear CrossOver Bra - Vamp 34DDD(F)/G","1","2","01/06/2026","1","T"
"21317668","RMA622385","12/04/2025","6032","LiftWear CrossOver Bra - Sand S","1","2","01/06/2026","1","T"
"21317668","RMA622385","12/04/2025","3514","SoftForm Bra - Sand / M","1","2","01/06/2026","1","T"
"21321710","RMA622552","12/04/2025","7638","CrossFlex Bra - Astral 2X","1","3","01/06/2026","2","T"
"21321710","RMA622552","12/04/2025","7641","CrossFlex Bra - Sand 2X","1","3","01/06/2026","2","T"
"21321710","RMA622552","12/04/2025","11575","LiftWear CrossOver Bra - Astral 2X","1","3","01/06/2026","2","T"
"21323275","RMA622612","12/04/2025","5519","SuperPower Brief - Sand / M","1","2","01/06/2026","1","T"
"21323275","RMA622612","12/04/2025","5488","SuperPower Short - Sand / M","1","2","01/06/2026","1","T"
"21325093","RMA622711","12/04/2025","5957","SuperPower Thong - Sand / M","1","2","01/06/2026","1","T"
"21325093","RMA622711","12/04/2025","5955","SuperPower Thong - Sand / S","1","2","01/06/2026","1","T"
"21326246","RMA622761","12/04/2025","11620","LiftWear CrossOver Bra - Astral 3X","1","2","01/06/2026","1","T"
"21326246","RMA622761","12/04/2025","6572","LiftWear CrossOver Bra - Runway 3X","1","2","01/06/2026","1","T"
"21326246","RMA622761","12/04/2025","11763","LiftWear CrossOver Bra - Sand 3X","1","2","01/06/2026","1","T"
"21326332","RMA622778","12/04/2025","11575","LiftWear CrossOver Bra - Astral 2X","1","3","01/06/2026","2","T"
"21326332","RMA622778","12/04/2025","11799","LiftWear CrossOver Bra - Sand 2X","1","3","01/06/2026","2","T"
"21326332","RMA622778","12/04/2025","6093","LiftWear CrossOver Bra - Vamp 2X","1","3","01/06/2026","2","T"
"21327155","RMA622801","12/04/2025","11625","LiftWear CrossOver Bra - Astral 3X+","1","3","01/06/2026","2","T"
"21327155","RMA622801","12/04/2025","9735","SoftForm Bra - Sand 3X+","1","3","01/06/2026","2","T"
"21327155","RMA622801","12/04/2025","3561","SoftForm Bra - Vamp / 3X","1","3","01/06/2026","2","T"
"21328705","RMA622907","12/04/2025","6572","LiftWear CrossOver Bra - Runway 3X","1","2","01/06/2026","1","T"
"21328705","RMA622907","12/04/2025","6104","LiftWear CrossOver Bra - Sand 3X","1","2","01/06/2026","1","T"
"21334106","RMA623069","12/04/2025","3532","SoftForm Bra - Sand / XL","1","2","01/06/2026","1","T"
"21334106","RMA623069","12/04/2025","3534","SoftForm Bra - Vamp / XL","1","2","01/06/2026","1","T"
"21268065","RMA620750","12/03/2025","11589","LiftWear CrossOver Bra - Astral M++","1","3","01/06/2026","2","T"
"21268065","RMA620750","12/03/2025","4300","LiftWear CrossOver Bra - Sand 36DDD(F)/G","1","3","01/06/2026","2","T"
"21268065","RMA620750","12/03/2025","4301","LiftWear CrossOver Bra - Vamp 36DDD(F)/G","1","3","01/06/2026","2","T"
"21268065","RMA620750","12/03/2025","8563","LiftWear Tank - Astral / XL","1","3","01/06/2026","2","T"
"21268536","RMA620758","12/03/2025","5681","CloudEmbrace Wireless Bra - Pink Cloud 34B","1","2","01/06/2026","1","T"
"21268536","RMA620758","12/03/2025","6341","Silhouette Bra - Astral S","1","2","01/06/2026","1","T"
"21277426","RMA621167","12/03/2025","1104","LiftWear Silhouette Bra - Sand / Large","1","3","01/06/2026","2","T"
"21277426","RMA621167","12/03/2025","1105","LiftWear Silhouette Bra - Vamp / Large","1","3","01/06/2026","2","T"
"21277426","RMA621167","12/03/2025","6357","Silhouette Bra - Fig L","1","3","01/06/2026","2","T"
"21277853","RMA621218","12/03/2025","3019","Lace CrossOver Bra - Runway / S","1","2","01/06/2026","1","T"
"21277853","RMA621218","12/03/2025","6032","LiftWear CrossOver Bra - Sand S","1","2","01/06/2026","1","T"
"21280738","RMA621395","12/03/2025","1095","LiftWear Silhouette Bra - Sand / Medium","1","2","01/06/2026","1","T"
"21280738","RMA621395","12/03/2025","8476","Silhouette Roses Bra - Sand M","1","2","01/06/2026","1","T"
"21285518","RMA621627","12/03/2025","9753","SoftForm Bra - Astral M+","1","2","01/06/2026","1","T"
"21285518","RMA621627","12/03/2025","9710","SoftForm Bra - Blush M+","1","2","01/06/2026","1","T"
"21285518","RMA621627","12/03/2025","3532","SoftForm Bra - Sand / XL","1","2","01/06/2026","1","T"
"21286738","RMA621654","12/03/2025","14552","SuperPower Brief - Sand / L","1","2","01/06/2026","1","T"
"21286738","RMA621654","12/03/2025","207","SuperPower Brief - Vamp / L","1","2","01/06/2026","1","T"
"21289162","RMA621754","12/03/2025","11609","LiftWear CrossOver Bra - Astral XL++","1","2","01/06/2026","1","T"
"21289162","RMA621754","12/03/2025","4346","LiftWear CrossOver Bra - Vamp 40DD(E)/DDD(F)","1","2","01/06/2026","1","T"
"21299041","RMA621970","12/03/2025","222","SuperPower Brief - Sand / 3X","1","2","01/06/2026","1","T"
"21299041","RMA621970","12/03/2025","223","SuperPower Brief - Vamp / 3X","1","2","01/06/2026","1","T"
"21218458","RMA619253","12/02/2025","7489","Queen Brief - Sand / XL","1","2","01/06/2026","1","T"
"21229253","RMA619771","12/02/2025","13793","CrossOver Contour Bra - Sand  42C","1","2","01/06/2026","1","T"
"21229253","RMA619771","12/02/2025","12897","CrossOver V-Neck Bra - Blush 2X","1","2","01/06/2026","1","T"
"21229253","RMA619771","12/02/2025","12973","CrossOver V-Neck Bra - Runway 2X","1","2","01/06/2026","1","T"
"21229253","RMA619771","12/02/2025","1798","Legging 2.0 - Graphite / 3X","1","2","01/06/2026","1","T"
"21229253","RMA619771","12/02/2025","1799","Legging 2.0 - Jet Black / 3X","1","2","01/06/2026","1","T"
"21234194","RMA619962","12/02/2025","7698","CrossFlex Bra - Astral XL++","1","2","01/06/2026","1","T"
"21234194","RMA619962","12/02/2025","7701","CrossFlex Bra - Sand XL++","1","2","01/06/2026","1","T"
"21234374","RMA619969","12/02/2025","3774","LiftWear Cami - Blush / S","1","3","01/06/2026","2","T"
"21234374","RMA619969","12/02/2025","6023","LiftWear CrossOver Bra - Blush S","1","3","01/06/2026","2","T"
"21234374","RMA619969","12/02/2025","3572","LiftWear Silhouette Bra - Blush / M","1","3","01/06/2026","2","T"
"21236068","RMA620054","12/02/2025","11799","LiftWear CrossOver Bra - Sand 2X","1","2","01/06/2026","1","T"
"21236068","RMA620054","12/02/2025","9729","SoftForm Bra - Sand 2X","1","2","01/06/2026","1","T"
"21236361","RMA620082","12/02/2025","3025","Lace CrossOver Bra - Runway / XL","1","2","01/06/2026","1","T"
"21236361","RMA620082","12/02/2025","12660","LiftWear CrossOver Bra - Ruby XL","1","2","01/06/2026","1","T"
"21250399","RMA620535","12/02/2025","5581","Mid-Thigh Bodysuit - Sand / Medium","1","2","01/06/2026","1","T"
"21250399","RMA620535","12/02/2025","5540","SuperPower Girl-Short - Sand / M","1","2","01/06/2026","1","T"
"21250803","RMA620549","12/02/2025","3060","CloudEmbrace Wireless Bra - Vamp / 32D","1","2","01/06/2026","1","T"
"21250803","RMA620549","12/02/2025","944","CrossOver Cami - Sand / S","1","2","01/06/2026","1","T"
"21250803","RMA620549","12/02/2025","4938","LiftWear CrossOver Bra - Sand 32D/DD(E)","1","2","01/06/2026","1","T"
"21253638","RMA620583","12/02/2025","1321","LiftWear Cami Bodysuit Petite - Vamp / Medium","1","2","01/06/2026","1","T"
"21253638","RMA620583","12/02/2025","6536","LiftWear CrossOver Bra - Runway L","1","2","01/06/2026","1","T"
"21253638","RMA620583","12/02/2025","5487","SuperPower Short - Runway / M","1","2","01/06/2026","1","T"
"21165995","RMA617732","12/01/2025","1443","Low Back Bodysuit - Runway / M","1","2","01/06/2026","1","T"
"21165995","RMA617732","12/01/2025","5717","SuperPower Girl-Short - Runway / M","1","2","01/06/2026","1","T"
"21177360","RMA618148","12/01/2025","6445","Silhouette Bra - Vamp 1X+","1","4","01/06/2026","3","T"
"21177360","RMA618148","12/01/2025","9746","SoftForm Bra - Astral 1X+","1","4","01/06/2026","3","T"
"21177360","RMA618148","12/01/2025","11000","SoftForm Bra - Aubergine 1X+","1","4","01/06/2026","3","T"
"21177360","RMA618148","12/01/2025","9694","SoftForm Bra - Blush 1X+","1","4","01/06/2026","3","T"
"21187352","RMA618602","12/01/2025","11609","LiftWear CrossOver Bra - Astral XL++","1","3","01/06/2026","2","T"
"21187352","RMA618602","12/01/2025","11648","LiftWear CrossOver Bra - Blush XL++","1","3","01/06/2026","2","T"
"21187352","RMA618602","12/01/2025","11850","LiftWear CrossOver Bra - Navy XL++","1","3","01/06/2026","2","T"
"21187352","RMA618602","12/01/2025","6176","LiftWear CrossOver Bra - Sand XL++","1","3","01/06/2026","2","T"
"21190276","RMA618740","12/01/2025","5540","SuperPower Girl-Short - Sand / M","1","2","01/06/2026","1","T"
"21190276","RMA618740","12/01/2025","5488","SuperPower Short - Sand / M","1","2","01/06/2026","1","T"
"21193274","RMA618879","12/01/2025","11772","LiftWear CrossOver Bra - Sand M","1","2","01/06/2026","1","T"
"21193274","RMA618879","12/01/2025","1095","LiftWear Silhouette Bra - Sand / Medium","1","2","01/06/2026","1","T"
"21193274","RMA618879","12/01/2025","9739","SoftForm Bra - Sand M","1","2","01/06/2026","1","T"
"21198827","RMA619018","12/01/2025","11596","LiftWear CrossOver Bra - Astral S+","1","2","01/06/2026","1","T"
"21198827","RMA619018","12/01/2025","4272","LiftWear CrossOver Bra - Runway 34DDD(F)/G","1","2","01/06/2026","1","T"
"21198827","RMA619018","12/01/2025","9036","LiftWear CrossOver Bra - Sand M","1","2","01/06/2026","1","T"
"21132080","RMA616943","11/30/2025","11583","LiftWear CrossOver Bra - Astral M","1","2","01/06/2026","1","T"
"21132080","RMA616943","11/30/2025","11626","LiftWear CrossOver Bra - Blush M","1","2","01/06/2026","1","T"
"21133713","RMA617053","11/30/2025","8076","BlissWear Mid Rise Brief - Sand / 1X","2","6","01/06/2026","4","T"
"21133713","RMA617053","11/30/2025","1737","Lace CrossOver Brief - Astral / 1X","1","3","01/06/2026","2","T"
"21133713","RMA617053","11/30/2025","1738","Lace CrossOver Brief - Runway / 1X","2","6","01/06/2026","4","T"
"21138779","RMA617302","11/30/2025","5626","MeshSculpt Mid-Waist Short - Sand / M","1","2","01/06/2026","1","T"
"21138779","RMA617302","11/30/2025","505","SuperPower Mid-Waist Short - Sand / Medium","1","2","01/06/2026","1","T"
"21142970","RMA617406","11/30/2025","12021","LiftWear Cami Bodysuit Petite - Sand / S","1","2","01/06/2026","1","T"
"21142970","RMA617406","11/30/2025","12087","LiftWear Tank Bodysuit - Vamp / S","1","2","01/06/2026","1","T"
"21144938","RMA617460","11/30/2025","11583","LiftWear CrossOver Bra - Astral M","1","2","01/06/2026","1","T"
"21144938","RMA617460","11/30/2025","11626","LiftWear CrossOver Bra - Blush M","1","2","01/06/2026","1","T"
"21144938","RMA617460","11/30/2025","9752","SoftForm Bra - Astral M","1","2","01/06/2026","1","T"
"21144938","RMA617460","11/30/2025","3509","SoftForm Bra - Blush / M","1","2","01/06/2026","1","T"
"21116459","RMA616461","11/29/2025","1255","LiftWear Cami Bodysuit - Runway / Small","1","2","01/06/2026","1","T"
"21116459","RMA616461","11/29/2025","12111","LiftWear Tank Bodysuit - Sand / S","1","2","01/06/2026","1","T"
"21121130","RMA616628","11/29/2025","5582","Mid-Thigh Bodysuit - Sand / Large","1","3","01/06/2026","2","T"
"21121130","RMA616628","11/29/2025","5542","SuperPower Girl-Short - Sand / L","1","3","01/06/2026","2","T"
"21121130","RMA616628","11/29/2025","5492","SuperPower Short - Sand / L","1","3","01/06/2026","2","T"
"21068259","RMA615079","11/28/2025","11583","LiftWear CrossOver Bra - Astral M","1","2","01/06/2026","1","T"
"21068259","RMA615079","11/28/2025","11626","LiftWear CrossOver Bra - Blush M","1","2","01/06/2026","1","T"
"21068259","RMA615079","11/28/2025","11772","LiftWear CrossOver Bra - Sand M","1","2","01/06/2026","1","T"
"21075307","RMA615284","11/28/2025","2972","LiftWear CrossOver Bra - Runway / M","1","3","01/06/2026","2","T"
"21075307","RMA615284","11/28/2025","3572","LiftWear Silhouette Bra - Blush / M","1","3","01/06/2026","2","T"
"21075307","RMA615284","11/28/2025","9739","SoftForm Bra - Sand M","1","3","01/06/2026","2","T"
"21016795","RMA613642","11/26/2025","11602","LiftWear CrossOver Bra - Astral XL","1","2","01/06/2026","1","T"
"21016795","RMA613642","11/26/2025","11786","LiftWear CrossOver Bra - Sand XL","1","2","01/06/2026","1","T"
"21019689","RMA613809","11/26/2025","3573","LiftWear Silhouette Bra - Blush / L","1","2","01/06/2026","1","T"
"21019689","RMA613809","11/26/2025","1104","LiftWear Silhouette Bra - Sand / Large","1","2","01/06/2026","1","T"
"21019689","RMA613809","11/26/2025","1105","LiftWear Silhouette Bra - Vamp / Large","1","2","01/06/2026","1","T"
"21024173","RMA614016","11/26/2025","11602","LiftWear CrossOver Bra - Astral XL","1","3","01/06/2026","2","T"
"21024173","RMA614016","11/26/2025","4318","LiftWear CrossOver Bra - Sand 38D/DD(E)","1","3","01/06/2026","2","T"
"21024173","RMA614016","11/26/2025","2990","LiftWear CrossOver Bra - Vamp / XL","1","3","01/06/2026","2","T"
"21026075","RMA614102","11/26/2025","12897","CrossOver V-Neck Bra - Blush 2X","1","2","01/06/2026","1","T"
"21026075","RMA614102","11/26/2025","12989","CrossOver V-Neck Bra - Sand 2X","1","2","01/06/2026","1","T"
"21026075","RMA614102","11/26/2025","8491","Silhouette Roses Bra - Blush 2X","1","2","01/06/2026","1","T"
"21026075","RMA614102","11/26/2025","8492","Silhouette Roses Bra - Sand 2X","1","2","01/06/2026","1","T"
"21041437","RMA614418","11/26/2025","4292","LiftWear CrossOver Bra - Vamp 36D/DD(E)","1","2","01/06/2026","1","T"
"21041437","RMA614418","11/26/2025","3525","SoftForm Bra - Vamp / L","1","2","01/06/2026","1","T"
"20982452","RMA612391","11/25/2025","1274","LiftWear Cami Bodysuit - Astral / XL","1","2","01/06/2026","1","T"
"20982452","RMA612391","11/25/2025","10192","Low-Back Bodysuit - Astral / XL","1","2","01/06/2026","1","T"
"20997411","RMA613079","11/25/2025","2076","BlissWear Pant - Midnight / M","1","3","01/06/2026","2","T"
"20997411","RMA613079","11/25/2025","5717","SuperPower Girl-Short - Runway / M","1","3","01/06/2026","2","T"
"20997411","RMA613079","11/25/2025","5540","SuperPower Girl-Short - Sand / M","1","3","01/06/2026","2","T"
"21004866","RMA613299","11/25/2025","13789","CrossOver Contour Bra - Runway 34B","1","2","01/06/2026","1","T"
"21004866","RMA613299","11/25/2025","6023","LiftWear CrossOver Bra - Blush S","1","2","01/06/2026","1","T"
"21004866","RMA613299","11/25/2025","12657","LiftWear CrossOver Bra - Ruby S","1","2","01/06/2026","1","T"
"20936945","RMA610924","11/24/2025","532","FitSense High-Waist Short - Sand / L","1","2","01/06/2026","1","T"
"20936945","RMA610924","11/24/2025","529","FitSense High-Waist Short - Sand / M","1","2","01/06/2026","1","T"
"20953667","RMA611548","11/24/2025","3788","CloudEmbrace Wireless Bra - Sand 34DD(E)","1","2","01/06/2026","1","T"
"20953667","RMA611548","11/24/2025","800","LiftWear Cami - Navy / M","1","2","01/06/2026","1","T"
"20953667","RMA611548","11/24/2025","3475","Low Back Bodysuit - Runway / Medium","1","2","01/06/2026","1","T"
"20958105","RMA611739","11/24/2025","1388","CrossOver Cami Bodysuit - Sand / M","1","2","01/06/2026","1","T"
"20958105","RMA611739","11/24/2025","1389","CrossOver Cami Bodysuit - Vamp / M","1","2","01/06/2026","1","T"
"20958105","RMA611739","11/24/2025","1258","LiftWear Cami Bodysuit - Astral / Medium","1","2","01/06/2026","1","T"
"20958105","RMA611739","11/24/2025","12161","LiftWear Cami Bodysuit - Sand / M","1","2","01/06/2026","1","T"
"20958105","RMA611739","11/24/2025","1265","LiftWear Cami Bodysuit - Vamp / Medium","1","2","01/06/2026","1","T"
"20958105","RMA611739","11/24/2025","12090","LiftWear Tank Bodysuit - Astral / M","1","2","01/06/2026","1","T"
"20958105","RMA611739","11/24/2025","12109","LiftWear Tank Bodysuit - Sand / M","1","2","01/06/2026","1","T"
"20960841","RMA611859","11/24/2025","9739","SoftForm Bra - Sand M","1","2","01/06/2026","1","T"
"20960841","RMA611859","11/24/2025","3525","SoftForm Bra - Vamp / L","1","2","01/06/2026","1","T"
"20907271","RMA610009","11/23/2025","3795","CloudEmbrace Wireless Bra - Vamp 36DD(E)","1","2","01/06/2026","1","T"
"20907271","RMA610009","11/23/2025","3574","LiftWear Silhouette Bra - Blush / XL","1","2","01/06/2026","1","T"
"20907271","RMA610009","11/23/2025","9710","SoftForm Bra - Blush M+","1","2","01/06/2026","1","T"
"20920658","RMA610756","11/23/2025","11583","LiftWear CrossOver Bra - Astral M","1","2","01/06/2026","1","T"
"20920658","RMA610756","11/23/2025","11772","LiftWear CrossOver Bra - Sand M","1","2","01/06/2026","1","T"
"20920658","RMA610756","11/23/2025","2982","LiftWear CrossOver Bra - Vamp / L","1","2","01/06/2026","1","T"
"20892804","RMA609466","11/22/2025","11593","LiftWear CrossOver Bra - Astral S","1","2","01/06/2026","1","T"
"20892804","RMA609466","11/22/2025","6023","LiftWear CrossOver Bra - Blush S","1","2","01/06/2026","1","T"
"20892804","RMA609466","11/22/2025","2960","LiftWear CrossOver Bra - Fig / S","1","2","01/06/2026","1","T"
"20894154","RMA609584","11/22/2025","7712","CrossFlex Bra - Runway 1X+","1","2","01/06/2026","1","T"
"20894154","RMA609584","11/22/2025","7713","CrossFlex Bra - Sand 1X+","1","2","01/06/2026","1","T"
"20863720","RMA607652","11/21/2025","3803","CloudEmbrace Wireless Bra - Sand 38DDD(F)","1","2","01/06/2026","1","T"
"20863720","RMA607652","11/21/2025","3804","CloudEmbrace Wireless Bra - Vamp 38DDD(F)","1","2","01/06/2026","1","T"
"20816395","RMA605237","11/19/2025","12658","LiftWear CrossOver Bra - Ruby S+","1","2","01/06/2026","1","T"
"20816395","RMA605237","11/19/2025","6599","LiftWear CrossOver Bra - Runway S++","1","2","01/06/2026","1","T"
"20816395","RMA605237","11/19/2025","6402","Silhouette Bra - Sand S+","1","2","01/06/2026","1","T"
"20816744","RMA605247","11/19/2025","2972","LiftWear CrossOver Bra - Runway / M","1","2","01/06/2026","1","T"
"20816744","RMA605247","11/19/2025","2973","LiftWear CrossOver Bra - Sand / M","1","2","01/06/2026","1","T"
"20803585","RMA604533","11/18/2025","6626","LiftWear CrossOver Bra - Runway XL++","1","2","01/06/2026","1","T"
"20803585","RMA604533","11/18/2025","6627","LiftWear CrossOver Bra - Sand XL++","1","2","01/06/2026","1","T"
"20803585","RMA604533","11/18/2025","6628","LiftWear CrossOver Bra - Vamp XL++","1","2","01/06/2026","1","T"
"20768288","RMA602951","11/17/2025","6676","Lace CrossOver Bra - Astral XL++","1","2","01/06/2026","1","T"
"20768288","RMA602951","11/17/2025","6677","Lace CrossOver Bra - Runway XL++","1","2","01/06/2026","1","T"
"20700407","RMA600060","11/14/2025","11593","LiftWear CrossOver Bra - Astral S","1","2","01/06/2026","1","T"
"20700407","RMA600060","11/14/2025","1096","LiftWear Silhouette Bra - Vamp / Medium","1","2","01/06/2026","1","T"
"20700407","RMA600060","11/14/2025","3514","SoftForm Bra - Sand / M","1","2","01/06/2026","1","T"
"20585333","RMA595602","11/10/2025","1097","LiftWear Silhouette Bra - Astral / Large","1","2","01/06/2026","1","T"
"20585333","RMA595602","11/10/2025","3573","LiftWear Silhouette Bra - Blush / L","1","2","01/06/2026","1","T"
"20585333","RMA595602","11/10/2025","6413","Silhouette Bra - Fig M+","1","2","01/06/2026","1","T"
"21451723","RMA629747","12/09/2025","13826","CrossOver Contour Bra - Sand  38D","1","2","01/05/2026","1","T"
"21451723","RMA629747","12/09/2025","6545","LiftWear CrossOver Bra - Runway XL","1","2","01/05/2026","1","T"
"21451723","RMA629747","12/09/2025","1113","LiftWear Silhouette Bra - Sand / XL","1","2","01/05/2026","1","T"
